method,scope,layer,kv_head,covariance_relative_frobenius_difference,principal_subspace_similarity_top16,principal_subspace_similarity_top32,principal_subspace_similarity_top64,heldout_half1_normalized_key_mse,heldout_half2_normalized_key_mse,heldout_half2_minus_half1_normalized_key_mse
activation_k_pca_h,head,0,0,0.04553558669871939,0.8826007871837188,0.9411440235917388,0.9671589727670015,0.0008538093388779089,0.0008575046376790851,3.69529880117625e-06
activation_k_pca_h,head,0,1,0.04442347957563041,0.865733278380247,0.9445675636602795,0.9709831681480805,0.0007016612071311101,0.0007279707278939895,2.63095207628794e-05
activation_k_pca_h,head,0,2,0.08323044384720246,0.8990355240200042,0.9370203504830287,0.9560002670451755,0.0006516870853374712,0.0006519780436065048,2.90958269033581e-07
activation_k_pca_h,head,0,3,0.062283862445102776,0.9415174876991473,0.9458367318730878,0.9551797541911438,0.0007082224983605556,0.0006973302806727588,-1.0892217687796801e-05
activation_k_pca_h,head,0,4,0.04915722811693052,0.977632946650938,0.9569706705515049,0.9544962043559624,0.0007119334186427295,0.0006964399217395112,-1.549349690321833e-05
activation_k_pca_h,head,0,5,0.07430718976918871,0.9443205812496727,0.9559482791637214,0.9711042043904666,0.0007179128224379383,0.0006895625338074751,-2.8350288630463183e-05
activation_k_pca_h,head,0,6,0.04959073810241065,0.7482697002208157,0.8553385023668578,0.9840981210623052,0.0007262578292284161,0.000758500158553943,3.224232932552695e-05
activation_k_pca_h,head,0,7,0.06719016330744013,0.9877471004278326,0.9837633618250775,0.9786492460137355,0.0007021054625511169,0.0006717836877214722,-3.032177482964471e-05
activation_k_pca_h,head,1,0,0.0489710480137457,0.9135495806786629,0.9297781854646756,0.9474683258511984,0.0007892018693382852,0.0008044144706218503,1.5212601283565164e-05
activation_k_pca_h,head,1,1,0.042254186098482985,0.908140848914406,0.9254166370531961,0.9479599751540164,0.0007775007834425196,0.0008100017803371884,3.250099689466879e-05
activation_k_pca_h,head,1,2,0.01918663577745233,0.8830340457976374,0.9225305143593258,0.9575105195057576,0.001196630604681559,0.0011812587472377345,-1.537185744382441e-05
activation_k_pca_h,head,1,3,0.04782197989054139,0.8669862685439911,0.9313733329469331,0.9636496334636144,0.0007844568826840259,0.0007796199861331843,-4.8368965508416295e-06
activation_k_pca_h,head,1,4,0.0431354358273179,0.9000878501795261,0.9116191170679933,0.973004423969235,0.0008183032914530486,0.000804568211606238,-1.373507984681055e-05
activation_k_pca_h,head,1,5,0.04071028871137732,0.8111477607144871,0.8938380293200223,0.9846698132631074,0.0008007905998965725,0.0008062296183197759,5.439018423203379e-06
activation_k_pca_h,head,1,6,0.0398396879626936,0.8333804605145018,0.9106443991030901,0.966895100344301,0.0008198442301363684,0.0008246255529229529,4.7813227865844965e-06
activation_k_pca_h,head,1,7,0.057197328510786204,0.8920982311133665,0.9302454849670865,0.9431078178117566,0.000752662293962203,0.0007561381280538626,3.4758340916596353e-06
activation_k_pca_h,head,2,0,0.07105918466819519,0.8373028357137093,0.7882690861388251,0.8559949751722932,0.000743574884836562,0.0007405788783216849,-2.996006514877081e-06
activation_k_pca_h,head,2,1,0.05728759723113854,0.7008099467965963,0.7274004943668513,0.8568015688550427,0.0008620131775387563,0.0008670384850120172,5.025307473260909e-06
activation_k_pca_h,head,2,2,0.06700799388257168,0.7959573083936107,0.7602775093982602,0.8470444179363341,0.0007289245695574209,0.0007433641294483095,1.4439559890888631e-05
activation_k_pca_h,head,2,3,0.08660819702492752,0.790638555982638,0.8520023923777966,0.9290745906599207,0.0007445939336321317,0.0007497224432881922,5.128509656060487e-06
activation_k_pca_h,head,2,4,0.08456779303824792,0.7985475509762816,0.7975826822642129,0.8612447944383935,0.000736387213692069,0.0007357390568358824,-6.481568561866879e-07
activation_k_pca_h,head,2,5,0.10500643856677168,0.7262206415794714,0.8674613600552049,0.9934954111959848,0.0008094299410004169,0.0008027049407246523,-6.725000275764614e-06
activation_k_pca_h,head,2,6,0.062341325203002465,0.8005183747892309,0.9218086935944211,0.9374294072109732,0.0007250858907354996,0.0007258775367517956,7.916460162959993e-07
activation_k_pca_h,head,2,7,0.05776490576785576,0.8144111710757801,0.7594066482598726,0.8215277876421454,0.000742938784242142,0.0007548682478955016,1.1929463653359562e-05
activation_k_pca_h,head,3,0,0.09273049942839388,0.8143120535980732,0.8184459544655264,0.8799957082805974,0.0007310735309147276,0.000724062709196005,-7.010821718722582e-06
activation_k_pca_h,head,3,1,0.06095444299406819,0.705027944177304,0.67772915398044,0.7538927871276409,0.0007414430365315638,0.0007463667061529122,4.923669621348381e-06
activation_k_pca_h,head,3,2,0.05541806599100285,0.8174404743767154,0.7877472700956687,0.8442900436934899,0.0007483319277525879,0.0007622237098985352,1.3891782145947218e-05
activation_k_pca_h,head,3,3,0.0848880005751256,0.688341824117585,0.6862126271307917,0.8433660104157832,0.0007612301560584456,0.0007616504371981137,4.2028113966807723e-07
activation_k_pca_h,head,3,4,0.044707329166679695,0.8084167201045818,0.7820186604423037,0.827308285137081,0.0008764290760154836,0.0008730275803827681,-3.4014956327155232e-06
activation_k_pca_h,head,3,5,0.08358689204923139,0.7822765598785033,0.8324805195381492,0.8998749268611315,0.0007294813040061854,0.0007314992035389878,2.017899532802403e-06
activation_k_pca_h,head,3,6,0.09468569170335292,0.8156024159565738,0.8036736068257261,0.8658765611790046,0.0007277312397491187,0.0007391010512947105,1.1369811545591801e-05
activation_k_pca_h,head,3,7,0.05839079435788291,0.8085140453387725,0.8051161718621984,0.8741558759392491,0.0007762543100398034,0.0007675901797483675,-8.664130291435868e-06
activation_k_pca_h,head,4,0,0.09957404776686253,0.825774193195076,0.8456735817936989,0.906427960372531,0.0007378634036285803,0.0007317435156437568,-6.1198879848234355e-06
activation_k_pca_h,head,4,1,0.08771467466370068,0.8182722274952037,0.7970954579145649,0.850810138755336,0.0007312180023291148,0.0007424415452987887,1.1223542969673872e-05
activation_k_pca_h,head,4,2,0.14014391235013254,0.674397395998438,0.7018176749779803,0.8214691943554434,0.0007649412655155174,0.0007666631645406596,1.7218990251421928e-06
activation_k_pca_h,head,4,3,0.06628352025899628,0.7423963526364332,0.7604222970696403,0.853273948547786,0.0008087046007858589,0.0008064416542765684,-2.2629465092904866e-06
activation_k_pca_h,head,4,4,0.09480834603273058,0.7130582716210732,0.8564633615957727,0.9575461742398742,0.0007330600419663824,0.0007311781155294739,-1.8819264369085431e-06
activation_k_pca_h,head,4,5,0.0903088474919437,0.8094731419810557,0.7920857480126793,0.8620285922954605,0.0007460691340384074,0.0007469548872904852,8.857532520778477e-07
activation_k_pca_h,head,4,6,0.06613084735735061,0.782848495869061,0.7754824222575987,0.8743751596444193,0.0007953538879519328,0.0007937457776279189,-1.6081103240139782e-06
activation_k_pca_h,head,4,7,0.07815721059535584,0.8350327343858929,0.8034457226102212,0.8541091776853542,0.0007396160872303881,0.0007390721948468126,-5.438923835754395e-07
activation_k_pca_h,head,5,0,0.10640231762668073,0.7033291178231312,0.7036547427643954,0.8133291666580079,0.0007330090666073374,0.0007381030882243067,5.094021616969258e-06
activation_k_pca_h,head,5,1,0.17140635601191992,0.6782432730185954,0.6633112074978499,0.8656677311232048,0.0007542036473751068,0.0007503410597564653,-3.862587618641555e-06
activation_k_pca_h,head,5,2,0.179445911870613,0.6883051514723477,0.9139412251403577,0.9811882835926373,0.0007903356017777696,0.0007968078934936784,6.472291715908796e-06
activation_k_pca_h,head,5,3,0.05762853564599274,0.8417435718586624,0.7892301419563814,0.8488955680051484,0.0007548158537247218,0.0007469541233149357,-7.861730409786105e-06
activation_k_pca_h,head,5,4,0.1688291117689012,0.709337575328728,0.7513016751808201,0.8671920378032204,0.0007350398664129898,0.0007360994495684281,1.059583155438304e-06
activation_k_pca_h,head,5,5,0.11622246325771256,0.7830824469672326,0.7900847916875956,0.9018021322189547,0.0007444989460054785,0.0007414207066176459,-3.078239387832582e-06
activation_k_pca_h,head,5,6,0.05838435890435592,0.7588058240452827,0.8106032317159987,0.9019872569673644,0.0009012481241370551,0.0009077496506506577,6.501526513602585e-06
activation_k_pca_h,head,5,7,0.07835702389686673,0.7970587625026374,0.7530467705673302,0.8163501371177712,0.0007370500243268907,0.0007309309730771929,-6.1190512496978045e-06
activation_k_pca_h,head,6,0,0.07435315969387005,0.8503037840292827,0.7949849434547742,0.8602861674851396,0.0007410089674522169,0.000733224478608463,-7.784488843753934e-06
activation_k_pca_h,head,6,1,0.09958500194702984,0.7715572829076867,0.7474204465659873,0.8441677091996693,0.0007261871069204062,0.0007263994266395457,2.1231971913948655e-07
activation_k_pca_h,head,6,2,0.07440975026196979,0.7213265692827249,0.6901217875886528,0.7831352078215122,0.0007374656343017705,0.0007371172468992881,-3.483874024823308e-07
activation_k_pca_h,head,6,3,0.07332320484576578,0.6996895602000255,0.6655859442643448,0.744422452084651,0.000757979170884937,0.000761218871048186,3.2397001632489264e-06
activation_k_pca_h,head,6,4,0.06996672092581126,0.7925194357939531,0.7600901602170119,0.8231985620085892,0.0007619021198479459,0.0007613192938151769,-5.82826032768935e-07
activation_k_pca_h,head,6,5,0.11798679998584828,0.7950805379618074,0.7971592757403796,0.8829041165211271,0.0007270077912835404,0.0007331431115744635,6.135320290923119e-06
activation_k_pca_h,head,6,6,0.10589255486407835,0.8089183449895239,0.8289533124509483,0.9222031385735505,0.0007519653518102132,0.0007563719336758368,4.406581865623593e-06
activation_k_pca_h,head,6,7,0.12393771893807391,0.7428995059088034,0.7678298175007854,0.9070512928557111,0.0007435971274389885,0.0007389819002128206,-4.615227226167917e-06
activation_k_pca_h,head,7,0,0.09645632021949913,0.7486780421050946,0.7637513344716067,0.874012540774516,0.0007329010622925125,0.0007294909373740666,-3.4101249184459448e-06
activation_k_pca_h,head,7,1,0.11901704748144534,0.6557236234073601,0.6650853317298586,0.7649783414048623,0.0007569957233499736,0.0007548336288891733,-2.16209446080029e-06
activation_k_pca_h,head,7,2,0.10102214432405116,0.772284876659048,0.7471484695107384,0.8266010358086766,0.0007322616074816324,0.000736578025680501,4.316418198868632e-06
activation_k_pca_h,head,7,3,0.08145871048184675,0.7647244373218829,0.7773502871420361,0.8595608748343826,0.000736721427529119,0.0007376874127658084,9.659852366894484e-07
activation_k_pca_h,head,7,4,0.08465028751493836,0.7584818220136285,0.7282312650600247,0.7789080442675026,0.000745739831472747,0.0007369948143605143,-8.745017112232745e-06
activation_k_pca_h,head,7,5,0.14971932633283958,0.7266989835406656,0.789648806122257,0.9320482457560966,0.0007348014478338882,0.0007376853391178884,2.8838912840001285e-06
activation_k_pca_h,head,7,6,0.11195863009654097,0.7226346076555716,0.7553395075209577,0.8741345932399921,0.0007392898260150105,0.0007378440568572842,-1.4457691577263176e-06
activation_k_pca_h,head,7,7,0.07102358749085114,0.7750800896080087,0.7456350085946393,0.8081111566015186,0.0007413208368234336,0.0007435337320202962,2.2128951968625188e-06
activation_k_pca_h,head,8,0,0.1496613594750855,0.6801373680098843,0.6923608049141874,0.906516630227438,0.0007552079041488469,0.0007574920527986251,2.284148649778217e-06
activation_k_pca_h,head,8,1,0.05238267398123667,0.818197952474925,0.8162556504170945,0.8538585254799065,0.0007466532115358859,0.0007378917071036994,-8.761504432186484e-06
activation_k_pca_h,head,8,2,0.20050859102872345,0.6788915465947775,0.7728375076012652,0.9607597352127556,0.0007826467626728117,0.0007819006350473501,-7.461276254616678e-07
activation_k_pca_h,head,8,3,0.10634943212831546,0.7332196211821321,0.7373333713255941,0.8097736235292671,0.0007411769183818251,0.0007414039137074724,2.2699532564729452e-07
activation_k_pca_h,head,8,4,0.09021782535236775,0.795507044894839,0.8010096005630856,0.8362524699966873,0.0007380564711638726,0.0007363254699157551,-1.7310012481175363e-06
activation_k_pca_h,head,8,5,0.053247074547780285,0.8429315176978491,0.8103946484897792,0.8713779202495058,0.000803363298473414,0.0007990994563442655,-4.263842129148543e-06
activation_k_pca_h,head,8,6,0.14669629746437307,0.7426881620448762,0.7864060270522061,0.8719301963923651,0.0007525535693275742,0.0007368825827143155,-1.567098661325872e-05
activation_k_pca_h,head,8,7,0.27098909465370247,0.6765307176357201,0.7483972852986656,0.8836952426421794,0.0007995301784831099,0.0007975046173669398,-2.025561116170138e-06
activation_k_pca_h,head,9,0,0.26681161122193864,0.7131877520062739,0.7609199555654532,0.8868268312474744,0.000797386615886353,0.0008104393709800206,1.3052755093667656e-05
activation_k_pca_h,head,9,1,0.09204026433897083,0.8317073334242882,0.8583973892921262,0.9249956918320998,0.0007383506745100021,0.0007331454835366458,-5.205190973356366e-06
activation_k_pca_h,head,9,2,0.06353726414871988,0.7577557798305563,0.727601433729136,0.7826299477218158,0.0007862294150982052,0.0007870646295486949,8.352144504897296e-07
activation_k_pca_h,head,9,3,0.16893695044055426,0.6982593323914327,0.7394720315395023,0.8656420615039309,0.0007681700371904299,0.0007600719982292503,-8.098038961179554e-06
activation_k_pca_h,head,9,4,0.19368173405312625,0.6894588915160196,0.6878461778282582,0.7897800295256836,0.0007728883647359908,0.000757483059715014,-1.540530502097681e-05
activation_k_pca_h,head,9,5,0.16844968611280875,0.7131496919120814,0.7341714972067854,0.850311724796258,0.0007613610214320943,0.0007542039238614962,-7.1570975705981255e-06
activation_k_pca_h,head,9,6,0.11542582452910573,0.7005570249766717,0.7481639465280787,0.8594732054989418,0.000740414994652383,0.0007340015581576154,-6.413436494767666e-06
activation_k_pca_h,head,9,7,0.17228263458413176,0.7163688203174953,0.785293046823878,0.9123275475337721,0.0007749330688966438,0.000775887405325193,9.543364285491407e-07
activation_k_pca_h,head,10,0,0.1726812641470497,0.7245908546611329,0.792319152844669,0.9553193439770215,0.0007819404345354997,0.0007738739586784504,-8.066475857049227e-06
activation_k_pca_h,head,10,1,0.11451151019975264,0.7789293047444049,0.7715799398791017,0.9132890710037298,0.0007404438802041113,0.0007423273564199917,1.8834762158803642e-06
activation_k_pca_h,head,10,2,0.07890558498458965,0.7765343347828999,0.7783430092821532,0.8467536705756543,0.0007382863041129895,0.0007355213383561932,-2.7649657567963004e-06
activation_k_pca_h,head,10,3,0.12405846299607134,0.7193177598895626,0.7735289269652287,0.9028853825491231,0.0007463154615834355,0.0007475238307961263,1.2083692126907408e-06
activation_k_pca_h,head,10,4,0.2362256729064863,0.7029120475927886,0.7826269048760688,0.8874015516261489,0.0007990213125594892,0.0007939241913845763,-5.0971211749129e-06
activation_k_pca_h,head,10,5,0.14773196427522195,0.6979349090633225,0.7480173852462326,0.8167928694666792,0.000751506828237325,0.0007475561505998485,-3.950677637476474e-06
activation_k_pca_h,head,10,6,0.1461169497875721,0.7439417707272433,0.7508524565110082,0.8377307990841718,0.0007603032936458476,0.0007553300602012314,-4.9732334446161985e-06
activation_k_pca_h,head,10,7,0.22223824495338057,0.6254496904393696,0.7012533034327766,0.9148864055433819,0.0007732304293313064,0.0007797090293024667,6.478599971160293e-06
activation_k_pca_h,head,11,0,0.15402790406469075,0.6994575331204106,0.6909232751280998,0.8073673465889103,0.000753514155803714,0.0007516030746046454,-1.911081199068576e-06
activation_k_pca_h,head,11,1,0.2277056935061454,0.7252184288555052,0.7820474572163537,0.9249236691528324,0.0008221001844503917,0.0008064219800871797,-1.567820436321199e-05
activation_k_pca_h,head,11,2,0.08723921181125593,0.7397637180632751,0.7304671358791268,0.8080509658689752,0.0007367979633272626,0.0007338802970480174,-2.917666279245168e-06
activation_k_pca_h,head,11,3,0.17224263440788862,0.6891490106504512,0.7102694445387109,0.8711993400891354,0.0007777129867463373,0.0007766290364088491,-1.0839503374882042e-06
activation_k_pca_h,head,11,4,0.08431820691755833,0.7315364112117952,0.7196484889441322,0.7971776886099754,0.0007368016595137306,0.0007352207903750241,-1.5808691387064755e-06
activation_k_pca_h,head,11,5,0.150605928101422,0.7256447565836533,0.7934531845110061,0.86938665993684,0.0007567279681097716,0.0007593650225317106,2.6370544219389558e-06
activation_k_pca_h,head,11,6,0.13753787838156584,0.6910382567032782,0.7400532671683036,0.8382221376652325,0.0007695769672864117,0.0007620915930601768,-7.485374226234853e-06
activation_k_pca_h,head,11,7,0.12253628554534039,0.7413973605207623,0.7715146114689836,0.8585654090648855,0.0007434572544298135,0.0007502578446292318,6.800590199418366e-06
activation_k_pca_h,head,12,0,0.06430874753143132,0.7792812070798522,0.803392514064005,0.8620436591340448,0.0007335027621593326,0.0007416235894197598,8.120827260427177e-06
activation_k_pca_h,head,12,1,0.10671087418791324,0.7831703452881008,0.777877835910531,0.8458396929068142,0.0007385648859781213,0.0007408146993839182,2.2498134057968855e-06
activation_k_pca_h,head,12,2,0.10198691761029564,0.7465739858207957,0.7269924250040478,0.8334840598443762,0.0007346439815592021,0.0007352497414103709,6.057598511688411e-07
activation_k_pca_h,head,12,3,0.09776801078945455,0.7344349883087531,0.7466201067381313,0.8495921666722097,0.0007282112710527144,0.000730772087990772,2.560816938057542e-06
activation_k_pca_h,head,12,4,0.06317931011470546,0.8035206274590864,0.7827622479232355,0.8200716239028643,0.0007439397013513371,0.0007495324607589282,5.592759407591075e-06
activation_k_pca_h,head,12,5,0.07053448552728492,0.7909167546388876,0.8025556201470262,0.8489436075278454,0.0007450891207554378,0.000746402693039272,1.313572283834219e-06
activation_k_pca_h,head,12,6,0.08025207955636178,0.7747969604688814,0.7895651356297873,0.8208708234843749,0.0007317350537050515,0.0007308585481951013,-8.765055099502206e-07
activation_k_pca_h,head,12,7,0.07898295465418778,0.71405148069032,0.7748945188453822,0.8429200163657757,0.0007306005863938481,0.0007352694155997597,4.6688292059116066e-06
activation_k_pca_h,head,13,0,0.31334459222049976,0.6773263877608777,0.7848610733306949,0.9227720189865565,0.0008309477198054083,0.0008332104625878856,2.2627427824772894e-06
activation_k_pca_h,head,13,1,0.21711759233065767,0.6348196696544091,0.7229823221459126,0.9200246397423038,0.0007881712372181937,0.0007876823656260967,-4.888715920969844e-07
activation_k_pca_h,head,13,2,0.2940444588876904,0.6888084653819186,0.8108238296525595,0.9012492926085054,0.0008302619608002715,0.0008172767629730515,-1.2985197827219963e-05
activation_k_pca_h,head,13,3,0.218458180751013,0.6925403888926591,0.8272342313099083,0.8853642067102454,0.0008002096365089528,0.0007992386963451281,-9.709401638247073e-07
activation_k_pca_h,head,13,4,0.26255089332413445,0.6978579707885896,0.8403329495814074,0.9223981784435478,0.0008142762162606232,0.0008202234021155164,5.947185854893178e-06
activation_k_pca_h,head,13,5,0.25322734830004967,0.6994370172236355,0.7758022636129855,0.8861905410441739,0.0008123913648887537,0.0007968842110130936,-1.550715387566015e-05
activation_k_pca_h,head,13,6,0.140054502611758,0.658562058627061,0.7497192655810473,0.8850113957731205,0.0007526303743361495,0.0007534568940172903,8.265196811407804e-07
activation_k_pca_h,head,13,7,0.1205644735942585,0.7173449141634435,0.7790363368409741,0.8871092051806309,0.0007349190564127639,0.0007299812932615168,-4.937763151247054e-06
activation_k_pca_h,head,14,0,0.22593380775406563,0.6942933837494898,0.7680701361607858,0.8847339504286291,0.0007761617380310781,0.0007928385239210911,1.667678589001298e-05
activation_k_pca_h,head,14,1,0.21088729915329882,0.6780180600474788,0.7857343770548137,0.8826886828069669,0.0007946518380776979,0.0007990956073626876,4.443769284989685e-06
activation_k_pca_h,head,14,2,0.06394709685211923,0.7148494801814818,0.7099520764246393,0.7809363324295843,0.0007698658955632709,0.0007726277181063779,2.761822543106973e-06
activation_k_pca_h,head,14,3,0.21917216892888394,0.7057727264061509,0.8079401206557006,0.9102927978365466,0.0007932381558930501,0.0007965866534505039,3.348497557453811e-06
activation_k_pca_h,head,14,4,0.14281307511988542,0.693036622169694,0.7687822946074039,0.9614345998730156,0.0007817841615178622,0.000781317961809691,-4.6619970817118883e-07
activation_k_pca_h,head,14,5,0.23780888666299915,0.6798400071518336,0.8144482252511145,0.9242096925386544,0.0008090338014881127,0.0008052088669501245,-3.824934537988156e-06
activation_k_pca_h,head,14,6,0.10892969902521668,0.6595466857533518,0.7660778461918046,0.8581567457574524,0.0007352886677836068,0.0007308807180379517,-4.40794974565506e-06
activation_k_pca_h,head,14,7,0.30503383121139654,0.6626721845783897,0.7731769615463102,0.9250601603738244,0.0008274905776488595,0.0008090511546470225,-1.8439423001836985e-05
activation_k_pca_h,head,15,0,0.1551179676805184,0.7039077123754962,0.788348087848446,0.9259176567940735,0.0007680274720769376,0.0007638836759724654,-4.1437961044721305e-06
activation_k_pca_h,head,15,1,0.09952510815942456,0.7592852777864392,0.7479519197375837,0.8218403199926012,0.000737841495720204,0.0007346229685936123,-3.2185271265916526e-06
activation_k_pca_h,head,15,2,0.14329947759062553,0.7091863878679143,0.790138587788874,0.8862693532838647,0.0007409898316836916,0.0007461686327587813,5.178801075089723e-06
activation_k_pca_h,head,15,3,0.13174709421282155,0.717023679415968,0.7986536235513353,0.8858200464558098,0.0007454502556356601,0.000754658023652155,9.20776801649481e-06
activation_k_pca_h,head,15,4,0.1746605404582358,0.7532353941794302,0.7864156530234536,0.921962133868969,0.0007635363435838372,0.0007531885858043097,-1.0347757779527456e-05
activation_k_pca_h,head,15,5,0.20473025589841326,0.7097844288343741,0.7851837446444957,0.8859679280624191,0.0007875035589677282,0.0007861364283598959,-1.3671306078322232e-06
activation_k_pca_h,head,15,6,0.15395434048696405,0.7155932000654743,0.8087323310787944,0.8896619479002695,0.0007502107619075105,0.0007502168009523302,6.0390448197722435e-09
activation_k_pca_h,head,15,7,0.11343960899979223,0.6865488063545975,0.8073487474350187,0.9407719840926065,0.0007419480898533948,0.0007468788680853322,4.930778231937438e-06
activation_k_pca_h,head,16,0,0.1713759845353477,0.7182716873785479,0.8296784795918184,0.9354583046995245,0.0007591613248223439,0.0007573545153718442,-1.8068094504997134e-06
activation_k_pca_h,head,16,1,0.12079016758465637,0.7474564672436032,0.752415141595731,0.826549345226827,0.0007355232883128338,0.0007397984372801147,4.275148967280984e-06
activation_k_pca_h,head,16,2,0.21821835859434463,0.6642116576773097,0.777100398227776,0.8879055190036242,0.0007818090380169451,0.0007833730560378172,1.5640180208720267e-06
activation_k_pca_h,head,16,3,0.05800833403254418,0.7936850670489419,0.7591842240423943,0.8051835621021802,0.0007825637439964339,0.0007767788192722946,-5.784924724139273e-06
activation_k_pca_h,head,16,4,0.16095520536907584,0.7135247771484903,0.8448464352759061,0.8897309161969575,0.0007538333957199939,0.0007523435415350832,-1.489854184910655e-06
activation_k_pca_h,head,16,5,0.11432647424897621,0.6928573965757416,0.8100118153893838,0.9377279320556123,0.0007476687533198856,0.0007442687783623114,-3.399974957574159e-06
activation_k_pca_h,head,16,6,0.2527793935300102,0.6909150623568554,0.803053710163391,0.8920420453202988,0.0007974286709213629,0.0007964995529619046,-9.291179594583809e-07
activation_k_pca_h,head,16,7,0.06659245213377887,0.7967253414814126,0.7516002912796093,0.8055188988115134,0.0008054872450884432,0.0008097833197098225,4.2960746213793755e-06
activation_k_pca_h,head,17,0,0.2118069318793679,0.6230922872249718,0.7520097523239723,0.8474665352406228,0.0007616666771355085,0.0007610655738972127,-6.011032382957637e-07
activation_k_pca_h,head,17,1,0.13781556218833316,0.7162008641753701,0.7444404123570691,0.8384237224911733,0.0007357402864727192,0.0007394979329546914,3.7576464819721878e-06
activation_k_pca_h,head,17,2,0.1063978173827034,0.8076219105210378,0.7962354948617654,0.8614243877296958,0.00074209339072695,0.0007383349948213436,-3.7583959056064487e-06
activation_k_pca_h,head,17,3,0.15749936993412011,0.7120505780471542,0.7350819958460841,0.8135483446974685,0.0007383999982266687,0.0007395300708594732,1.130072632804513e-06
activation_k_pca_h,head,17,4,0.12048151608394096,0.7537127694588076,0.7870108183909975,0.8681169108508103,0.0007389303355012089,0.0007352254106081091,-3.7049248930998147e-06
activation_k_pca_h,head,17,5,0.18911510813458354,0.675881338300045,0.8012735552236789,0.8938097393899189,0.0007671132407267578,0.0007668274265597574,-2.8581416700035334e-07
activation_k_pca_h,head,17,6,0.20683852662235847,0.6835332493853179,0.8357668685203963,0.9533667536423386,0.0007913107838248834,0.0007827267909306102,-8.583992894273251e-06
activation_k_pca_h,head,17,7,0.20739768239393475,0.7018992302449654,0.8033829115272477,0.88464324256793,0.0007856862284825183,0.0007887506726547144,3.0644441721960902e-06
activation_k_pca_h,head,18,0,0.17367813003672092,0.6937086782776504,0.760526069228558,0.8357974873538498,0.000757292982598301,0.000750700339267496,-6.592643330805004e-06
activation_k_pca_h,head,18,1,0.1433880021753812,0.7336848571113694,0.7561082987928616,0.9070699844522532,0.0007584321792819537,0.0007608125233673491,2.380344085395336e-06
activation_k_pca_h,head,18,2,0.19517253303002838,0.6606027885371004,0.7447280837951963,0.8437274243251514,0.0007682372161070816,0.0007681409406359307,-9.627547115087509e-08
activation_k_pca_h,head,18,3,0.19723227684969508,0.6450986539395847,0.695522999447352,0.802300410072425,0.0007401399925583974,0.0007477395483874716,7.599555829074234e-06
activation_k_pca_h,head,18,4,0.1699194088905529,0.6862683504385642,0.7851162731525472,0.900312802681507,0.0007679094123886898,0.0007598968877573498,-8.012524631340057e-06
activation_k_pca_h,head,18,5,0.23198484264594366,0.6976215198675272,0.7768430126043615,0.9158880189827147,0.0007817297664587386,0.0007716425534454174,-1.0087213013321161e-05
activation_k_pca_h,head,18,6,0.12446034822014675,0.7351772563936876,0.7157528803079316,0.8233518084075059,0.0007335483533097431,0.0007350968662649393,1.5485129551962018e-06
activation_k_pca_h,head,18,7,0.1392013283722968,0.7271904286674122,0.7224303212193581,0.8705277027410572,0.0007509728602599353,0.0007561653983430006,5.192538083065301e-06
activation_k_pca_h,head,19,0,0.18266685404335567,0.724478220348806,0.8194188177162236,0.9212110969018804,0.0007733301390544511,0.0007792888063704595,5.958667316008359e-06
activation_k_pca_h,head,19,1,0.10712189078700275,0.7680850245948758,0.766946967201437,0.840207590624271,0.0007368452206719667,0.0007398670495604165,3.021828888449818e-06
activation_k_pca_h,head,19,2,0.18007085794990718,0.6487004540063526,0.7325423885119455,0.8366835880345849,0.0007520484286942519,0.0007481418579118326,-3.906570782419294e-06
activation_k_pca_h,head,19,3,0.19241784973742235,0.7502737846808248,0.7916059052898419,0.9304153148368737,0.0007873307913541794,0.0007856072697904892,-1.7235215636901557e-06
activation_k_pca_h,head,19,4,0.16002273650758567,0.7379830866571748,0.7290485396027404,0.8027329082533443,0.0007363745171460323,0.0007390020327875391,2.6275156415067613e-06
activation_k_pca_h,head,19,5,0.10570346365729545,0.7544306481553711,0.7449421682432666,0.8208073327432721,0.0007358197908615693,0.0007367810467258096,9.612558642402291e-07
activation_k_pca_h,head,19,6,0.14585143256620178,0.6468547453477219,0.7266737794563507,0.8156631866164247,0.0007502259759348817,0.0007468590192729607,-3.3669566619209945e-06
activation_k_pca_h,head,19,7,0.14079496880827916,0.6573275172108692,0.660478386797325,0.7611393191603908,0.0007392865591100417,0.0007389150123344734,-3.7154677556827664e-07
activation_k_pca_h,head,20,0,0.1663410233234695,0.7232811762219606,0.767892971405113,0.9027778682161302,0.0007946141413412988,0.000775274595071096,-1.9339546270202845e-05
activation_k_pca_h,head,20,1,0.1184117939788415,0.7698413326050186,0.7565117524718687,0.8144147351743978,0.0007417650122079067,0.000741136260330677,-6.287518772296607e-07
activation_k_pca_h,head,20,2,0.16768999200960685,0.6774103376985678,0.7400277070680048,0.8352605512509681,0.000751292442146223,0.0007524534084950574,1.1609663488343358e-06
activation_k_pca_h,head,20,3,0.16471908701783863,0.7285429842575539,0.854304661363471,0.9427465772409863,0.0007847120577935129,0.0007759808067930862,-8.73125100042671e-06
activation_k_pca_h,head,20,4,0.13963495277288526,0.6676821982512894,0.6421287931988628,0.7618174402639767,0.0007487791881430894,0.0007478398911189288,-9.392970241606236e-07
activation_k_pca_h,head,20,5,0.13377098626279077,0.7086496988556925,0.776248759241751,0.8928472023953673,0.0007376721550826915,0.0007424979485222138,4.825793439522386e-06
activation_k_pca_h,head,20,6,0.2103876070807588,0.6859486941986565,0.7834278526526424,0.9496949124391971,0.0007926079633762129,0.0007973274041432887,4.7194407670758665e-06
activation_k_pca_h,head,20,7,0.16438335620484343,0.6949112897084333,0.7480505205925378,0.8343570581655886,0.0007383453848888166,0.0007400207905448042,1.6754056559875607e-06
activation_k_pca_h,head,21,0,0.18122782722469105,0.7200587602242746,0.7742939464203973,0.8944028493889454,0.0007770459415041842,0.0007828006710042246,5.754729500040412e-06
activation_k_pca_h,head,21,1,0.07548101140491678,0.740924037270918,0.680068368923773,0.7283366139548821,0.0007566883432446048,0.0007557227363577113,-9.656068868935108e-07
activation_k_pca_h,head,21,2,0.1361740026171127,0.7152455627408384,0.7987438046976005,0.874995386166532,0.0007353748442255892,0.0007435775696649216,8.202725439332426e-06
activation_k_pca_h,head,21,3,0.21945941399558305,0.6579982974378791,0.7385840040904722,0.8562721747505282,0.0007661748095415533,0.0007598730007885024,-6.301808753050864e-06
activation_k_pca_h,head,21,4,0.10075773512343822,0.7046843163306424,0.6759798591830948,0.7563811290583728,0.0007496459584217519,0.0007512794909416698,1.6335325199179351e-06
activation_k_pca_h,head,21,5,0.14884814933419915,0.782625235300742,0.7921805970981034,0.8945555724759708,0.0007502796142944135,0.0007518634738516994,1.5838595572859049e-06
activation_k_pca_h,head,21,6,0.18036039472019857,0.7051905151809259,0.7724819946174586,0.867634688033527,0.000755524255509954,0.0007657669193577021,1.024266384774819e-05
activation_k_pca_h,head,21,7,0.19343991687589507,0.7330542012255294,0.7912097589794902,0.9310156014486795,0.0007963022362673655,0.0007776138227200136,-1.8688413547351956e-05
activation_k_pca_h,head,22,0,0.186415418223517,0.7115697283126905,0.8068055074876826,0.9111842669864795,0.0007770197553327307,0.0007743149835732765,-2.704771759454161e-06
activation_k_pca_h,head,22,1,0.09944435709052873,0.6880047591752977,0.7148439739746473,0.8142249017094272,0.0007624874342582189,0.000760880735469982,-1.6066987882368267e-06
activation_k_pca_h,head,22,2,0.17841043009914248,0.6901815795271631,0.7596951531907368,0.8355677285565116,0.0007602340992889367,0.0007637110757059418,3.476976417005062e-06
activation_k_pca_h,head,22,3,0.18915165985709181,0.6983284306681786,0.8203758382074949,0.9434777195470159,0.0007906944301794283,0.0007917818002169952,1.0873700375668705e-06
activation_k_pca_h,head,22,4,0.10871993388194932,0.7433520215413446,0.7131712815221882,0.8018302171096834,0.0007421917398460209,0.0007327942876145244,-9.397452231496572e-06
activation_k_pca_h,head,22,5,0.17196617672866513,0.6387869136118177,0.6548384821334529,0.8249514832103462,0.0007475257807527669,0.0007477106264559552,1.8484570318832994e-07
activation_k_pca_h,head,22,6,0.1801218680547806,0.6813690040275581,0.7322415119108269,0.7893568040678188,0.0007485721871489659,0.0007416698354063556,-6.902351742610335e-06
activation_k_pca_h,head,22,7,0.16567283809795832,0.7278384168141067,0.8117279326106712,0.9190170163009583,0.0007756783525110222,0.0007703495357418433,-5.328816769178957e-06
activation_k_pca_h,head,23,0,0.15287935681283882,0.6456985603176787,0.6118826297984781,0.7373575632747867,0.0007546212291345,0.0007504492241423577,-4.17200499214232e-06
activation_k_pca_h,head,23,1,0.18167133311549558,0.6851635074968602,0.7754177827724658,0.9107062474721985,0.0007799322120263241,0.0007820597747922875,2.1275627659633756e-06
activation_k_pca_h,head,23,2,0.16479097535053874,0.6245299279496629,0.6708931704564147,0.7712871095902238,0.000742482821806334,0.0007406021468341351,-1.8806749721989036e-06
activation_k_pca_h,head,23,3,0.17300531454276608,0.699004751965449,0.7714461761022496,0.8899461500021598,0.0007797727594152093,0.0007729470744379796,-6.825684977229685e-06
activation_k_pca_h,head,23,4,0.13693064204838998,0.7437629373323835,0.7151671601282317,0.808751114700439,0.0007300314755411819,0.0007424465875374153,1.2415111996233463e-05
activation_k_pca_h,head,23,5,0.15999430305333553,0.689994856968501,0.7534470343472071,0.8848270304324353,0.000772918778238818,0.0007643999342690222,-8.518843969795853e-06
activation_k_pca_h,head,23,6,0.18027227332108342,0.6699036401268624,0.7719539765421997,0.8858749303494518,0.0007614086935063824,0.0007643792996532284,2.9706061468459666e-06
activation_k_pca_h,head,23,7,0.09844260053209093,0.690620160575908,0.6709136689333552,0.7339378474152538,0.0007487562979804352,0.0007509518618462607,2.195563865825534e-06
activation_k_pca_h,head,24,0,0.16962277386100694,0.6583732077426013,0.7687605251167837,0.8278080637093739,0.0007440547851729207,0.0007515150209655985,7.4602357926778495e-06
activation_k_pca_h,head,24,1,0.1414666041152338,0.5991564518879675,0.6170158978329265,0.7677389222979742,0.0007531484734499827,0.0007570157686132006,3.867295163217932e-06
activation_k_pca_h,head,24,2,0.1632394145146191,0.5331878297627011,0.607541260853268,0.7366718436710118,0.0007684720621909946,0.0007732492595096119,4.7771973186172545e-06
activation_k_pca_h,head,24,3,0.09367898701032415,0.7147500530267447,0.7007417066234383,0.7808705664856335,0.0007654661603737622,0.0007784375920891762,1.2971431715413928e-05
activation_k_pca_h,head,24,4,0.16415804845847604,0.6959513541357931,0.7956706824629897,0.9214623471917541,0.0007713830636930652,0.0007682369905523956,-3.146073140669614e-06
activation_k_pca_h,head,24,5,0.17020332389850354,0.6906112389839791,0.7922191033290417,0.9310011006993352,0.0007773301695124246,0.0007793214754201472,1.9913059077225626e-06
activation_k_pca_h,head,24,6,0.1753689451668202,0.7122978175802976,0.8440570772009459,0.947165746110189,0.0007736204934190027,0.000779202462581452,5.581969162449241e-06
activation_k_pca_h,head,24,7,0.08594242987913511,0.6796949270799307,0.6876599269215989,0.7528316008672364,0.0007597108633490279,0.0007561276288470253,-3.583234502002597e-06
activation_k_pca_h,head,25,0,0.13360565831136006,0.6566360419404309,0.6981080897935377,0.8230148212781829,0.0007537917263107374,0.0007491665019188076,-4.625224391929805e-06
activation_k_pca_h,head,25,1,0.1928998617048597,0.7110614393781922,0.8077011984127421,0.9663788203550837,0.0007888804611866362,0.0007837731100153178,-5.107351171318442e-06
activation_k_pca_h,head,25,2,0.12632917461005763,0.6427258743292712,0.6055257585676587,0.7118738614527047,0.0007455071317963302,0.0007544104155385867,8.903283742256463e-06
activation_k_pca_h,head,25,3,0.18668677123173946,0.7122956142743209,0.8136834123601322,0.9766345383316153,0.0007927218612167053,0.0007869278633734211,-5.79399784328416e-06
activation_k_pca_h,head,25,4,0.15170212021554477,0.6919505702580597,0.7554640737043409,0.8275244022314721,0.0007385432763840072,0.0007398931556963362,1.3498793123289943e-06
activation_k_pca_h,head,25,5,0.06700890292787608,0.6157515700069749,0.6316653656095732,0.70386561925867,0.0009057036513695493,0.0009046346458490007,-1.0690055205486715e-06
activation_k_pca_h,head,25,6,0.16720412296947842,0.6198783297192398,0.5724986084058773,0.7039345956446347,0.0007427528107655235,0.0007478433180949651,5.090507329441607e-06
activation_k_pca_h,head,25,7,0.11138286005618193,0.6447793884196946,0.6017708892279395,0.6875473721139546,0.0007898865951574408,0.000788672681665048,-1.2139134923927486e-06
activation_k_pca_h,head,26,0,0.15859208464489818,0.7172579992721773,0.7789199324624754,0.8900123842632979,0.0007535008335253224,0.0007507464833906852,-2.754350134637207e-06
activation_k_pca_h,head,26,1,0.12889011289145522,0.6714405021656122,0.6900864607688498,0.8224875967004426,0.0007509366478188895,0.0007493026641895995,-1.6339836292900145e-06
activation_k_pca_h,head,26,2,0.1363243052608195,0.7092708218441874,0.7106002021032223,0.8386033763409415,0.0007524476895923726,0.0007601958131999709,7.748123607598245e-06
activation_k_pca_h,head,26,3,0.18018467573739572,0.7384115787285613,0.84727123386163,0.9655668223455449,0.0007825184948160313,0.0007828410889487714,3.2259413274005055e-07
activation_k_pca_h,head,26,4,0.14920801960963317,0.6800572420055363,0.7204008117045138,0.8293033709985858,0.0007455467712134123,0.00073642280040076,-9.12397081265226e-06
activation_k_pca_h,head,26,5,0.10549874395328726,0.7486983097176446,0.7420371790292821,0.7996377340459574,0.0007357978611253202,0.000733920642232988,-1.8772188923321664e-06
activation_k_pca_h,head,26,6,0.16439303122449453,0.7002324491715407,0.7809929774314233,0.8163628936084211,0.0007377137008006684,0.0007407253215205856,3.0116207199171185e-06
activation_k_pca_h,head,26,7,0.18253043736874247,0.716788407470822,0.8030824318881269,0.9106352520034044,0.0007754126709187403,0.0007786303831380792,3.217712219338864e-06
activation_k_pca_h,head,27,0,0.1918582732911777,0.5752235711671763,0.6075978863198679,0.7676124429111983,0.0007522252781200223,0.0007535096301580779,1.2843520380556583e-06
activation_k_pca_h,head,27,1,0.19804139853752326,0.7110915516621037,0.8347818563920334,0.9644336647913386,0.0007916045797173865,0.0007933210144983605,1.716434780973941e-06
activation_k_pca_h,head,27,2,0.10874323564582421,0.7387909770940779,0.7214325549627303,0.7771462994857219,0.0007434927028953098,0.000746661375160329,3.168672265019268e-06
activation_k_pca_h,head,27,3,0.10714603113589591,0.6839575922493533,0.6818246839928065,0.7936189731637456,0.0007884879159973934,0.0007827526569599286,-5.735259037464857e-06
activation_k_pca_h,head,27,4,0.21213144227587274,0.6904614022642193,0.7811790400071342,0.8391204953196174,0.0007610698157805018,0.0007453737052856013,-1.5696110494900495e-05
activation_k_pca_h,head,27,5,0.18193263521760367,0.7184071533039333,0.848412238827871,0.957509143239679,0.0007774580008117482,0.0007827539811842144,5.295980372466147e-06
activation_k_pca_h,head,27,6,0.13281508821734225,0.5656951505118765,0.5712629825512363,0.7466278133016405,0.0007522458836319856,0.0007535745608038269,1.3286771718412638e-06
activation_k_pca_h,head,27,7,0.12921437381795428,0.7672274473911986,0.7815678265619844,0.8402971120389695,0.0007449998520314693,0.0007519809223595075,6.981070328038186e-06
activation_k_pca_h,head,28,0,0.18469663871303732,0.6913624538376624,0.7797491027985801,0.8490306384674824,0.0007553582690889016,0.0007630806649103761,7.722395821474493e-06
activation_k_pca_h,head,28,1,0.10833789927998536,0.6431286767298106,0.6198626951641094,0.7119713069563061,0.000780093418143224,0.0007762831446598284,-3.8102734833955765e-06
activation_k_pca_h,head,28,2,0.10182700736728656,0.7378962578518484,0.7568167046394234,0.8179065601675004,0.0007329288491746411,0.0007359012379311025,2.9723887564614415e-06
activation_k_pca_h,head,28,3,0.15396721700256935,0.7481951941755558,0.7834208087885003,0.8752852556392356,0.0007663260112167336,0.0007624450445291586,-3.880966687574983e-06
activation_k_pca_h,head,28,4,0.162537126279893,0.7081493828744967,0.7681814914070885,0.8407349505678008,0.0007433585051330738,0.00074361840961501,2.5990448193624616e-07
activation_k_pca_h,head,28,5,0.14886122985498654,0.7335310817293514,0.7796999244287827,0.845645548843568,0.00074707451130962,0.0007449817203450948,-2.092790964525193e-06
activation_k_pca_h,head,28,6,0.1210669702634225,0.7096715124587092,0.784675557889057,0.8779651512218705,0.0007412095874315128,0.0007402557603199966,-9.538271115161479e-07
activation_k_pca_h,head,28,7,0.1484561242456232,0.7540153466969053,0.7467163344033658,0.8263879944086958,0.0007365783385466784,0.0007404216594295576,3.843320882879198e-06
activation_k_pca_h,head,29,0,0.1298088209585145,0.6472886378503255,0.6663867908032118,0.7675812949584737,0.0007438316170009784,0.000746233927202411,2.402310201432556e-06
activation_k_pca_h,head,29,1,0.10580076774746996,0.5709415346068061,0.5857890708400179,0.7192526658026326,0.0007515835022786632,0.0007558665529359132,4.283050657249987e-06
activation_k_pca_h,head,29,2,0.167488821719232,0.7122273937448733,0.8140669854328304,0.8707802759551537,0.0007584481500089169,0.0007598593147122301,1.4111647033132613e-06
activation_k_pca_h,head,29,3,0.12235151492056227,0.6319199269533242,0.6607342713683045,0.7424461285865567,0.0007586980136693455,0.0007610972024849616,2.3991888156160712e-06
activation_k_pca_h,head,29,4,0.1357267706618125,0.6787368959821868,0.7067774431582576,0.839604234269872,0.0007425126532325521,0.0007390676692011766,-3.4449840313754976e-06
activation_k_pca_h,head,29,5,0.1606212633970953,0.7463906109316308,0.8376372854174494,0.9223028563983153,0.0007697159526287578,0.0007702626899117604,5.467372830025852e-07
activation_k_pca_h,head,29,6,0.03875471574742572,0.6456774357137324,0.5797827178968252,0.6859200194367516,0.0011665318306768313,0.0011684986093314365,1.9667786546051502e-06
activation_k_pca_h,head,29,7,0.14171572379846242,0.7072529035966235,0.7670946133461108,0.8392918043758961,0.0007384940981864929,0.000732260596123524,-6.23350206296891e-06
activation_k_pca_h,head,30,0,0.1870264125920529,0.7308559453493307,0.8009520908510247,0.8978698765521012,0.0007735466060694307,0.0007615711438120343,-1.197546225739643e-05
activation_k_pca_h,head,30,1,0.11725955791796622,0.7676252832591396,0.7622249907653789,0.81784006119926,0.0007388341109617613,0.0007329458967433311,-5.888214218430221e-06
activation_k_pca_h,head,30,2,0.14244055443734327,0.71593293288657,0.7799714687469489,0.8944773443769689,0.0007540341393905692,0.0007512159936595708,-2.818145730998367e-06
activation_k_pca_h,head,30,3,0.15884707161091843,0.7234539498593058,0.8415610520301517,0.9362861971421168,0.0007697983091929927,0.0007743405512883328,4.542242095340043e-06
activation_k_pca_h,head,30,4,0.13747911362292947,0.7645996222396035,0.8033649722752931,0.8954477108534273,0.0007408066958305426,0.0007422902199323289,1.4835241017863154e-06
activation_k_pca_h,head,30,5,0.1382242019349524,0.7172897035918141,0.7782126122925831,0.8885884459574303,0.0007519735736423172,0.0007440345798386261,-7.938993803691119e-06
activation_k_pca_h,head,30,6,0.18863403717438257,0.7060096697518323,0.8313146160202396,0.9171941625946072,0.0007705374518991448,0.0007820868049748242,1.1549353075679392e-05
activation_k_pca_h,head,30,7,0.14042354132386678,0.7336870487327594,0.792334031222039,0.9367058814033693,0.0007567979118903168,0.0007627412414876744,5.9433295973576605e-06
activation_k_pca_h,head,31,0,0.08827961776578196,0.7527567700654012,0.7395004607671372,0.7897577177048506,0.0007810904207872227,0.000773506129917223,-7.584290869999677e-06
activation_k_pca_h,head,31,1,0.09808330344964634,0.7376084584268668,0.765508620551697,0.8514771714724259,0.0007577234136988409,0.0007694076848565601,1.1684271157719195e-05
activation_k_pca_h,head,31,2,0.10509583387949215,0.727345155002012,0.7742584353554287,0.8244570844082061,0.0007442506175721064,0.0007427935415762477,-1.4570759958587587e-06
activation_k_pca_h,head,31,3,0.08133540841868105,0.7612437957217368,0.7320406354213701,0.8028890845602481,0.0007729150602244772,0.0007816138459020294,8.698785677552223e-06
activation_k_pca_h,head,31,4,0.10959038189142727,0.7759963040336921,0.795169392033805,0.8655500992736239,0.0007446476956829429,0.000746596822864376,1.9491271814331412e-06
activation_k_pca_h,head,31,5,0.12713020024837018,0.7479856931757298,0.8261023635668855,0.8957751043888017,0.0007513383607147262,0.0007556525597465225,4.314199031796306e-06
activation_k_pca_h,head,31,6,0.08911274124921317,0.8075042257584042,0.7902566690083772,0.8145286063615774,0.0007710657009738497,0.0007784232293488458,7.357528374996036e-06
activation_k_pca_h,head,31,7,0.13293724884666974,0.7833010652805781,0.7918888601209083,0.8773083589096373,0.0007366875215666369,0.0007399236565106548,3.2361349440179765e-06
activation_k_pca_h,overall,,,0.13328660369611983,0.7308584419697325,0.7700162119721236,0.8634504601935653,0.0007636803480863819,0.0007634609311821805,-2.1941690420135274e-07
attention_q_pca_h,head,0,0,0.02233731489741039,0.9509414632470096,0.9827913252974037,0.9733589356216406,0.0008692157280165702,0.0009210964199155569,5.18806918989867e-05
attention_q_pca_h,head,0,1,0.03766213691326341,0.9639219385683482,0.9364398264321726,0.9780581661644655,0.0009349511237815022,0.0008991445574793033,-3.580656630219892e-05
attention_q_pca_h,head,0,2,0.03967952175836005,0.9918670216103835,0.9653422800314881,0.9776896047681208,0.0009340597534901462,0.0008813767635729164,-5.268298991722986e-05
attention_q_pca_h,head,0,3,0.03274728510044749,0.9630217634795755,0.9727924719271195,0.9810355996376693,0.0009469555370742455,0.0010318988061044365,8.4943269030191e-05
attention_q_pca_h,head,0,4,0.03654714020290157,0.998907779650954,0.9907025901582165,0.9968329113340606,0.0009554370917612687,0.0008157213524100371,-0.0001397157393512316
attention_q_pca_h,head,0,5,0.03414346544900969,0.995824692046331,0.996260807038479,0.9946764090141722,0.0008994893505587243,0.0008611534722149372,-3.8335878343787044e-05
attention_q_pca_h,head,0,6,0.03658285447484566,0.9192253585356196,0.9740212365393746,0.9456175323961893,0.0009240577492164448,0.0008940101761254482,-3.0047573090996593e-05
attention_q_pca_h,head,0,7,0.024962216727191296,0.9939326859424541,0.9981244477405016,0.9875729845510048,0.0007890682318247855,0.0009095640198211186,0.00012049578799633309
attention_q_pca_h,head,1,0,0.03929482375645396,0.9770690331310128,0.9613386877767716,0.9724726215935853,0.0009232556840288453,0.0009575706571922638,3.431497316341847e-05
attention_q_pca_h,head,1,1,0.028676250295888567,0.9471409412381995,0.9596485969006265,0.9700434863609426,0.0009516673817415722,0.0009644632518757135,1.2795870134141296e-05
attention_q_pca_h,head,1,2,0.02558411438534232,0.9952550299133143,0.9809138401705328,0.9915514023423371,0.0008056383230723441,0.0007878842952777632,-1.7754027794580907e-05
attention_q_pca_h,head,1,3,0.03130225419773857,0.9344580876087515,0.9657153002975194,0.9858605843055066,0.0008233837434090674,0.000988092964689713,0.00016470922128064558
attention_q_pca_h,head,1,4,0.02784179014691788,0.9954246871389989,0.9942369175444485,0.9751175664981113,0.0009848745248746127,0.0008497875896864571,-0.00013508693518815562
attention_q_pca_h,head,1,5,0.03210196110423176,0.9975461276772619,0.9521662446588005,0.9323551303112849,0.0007697646506130695,0.0008053345009102486,3.556985029717907e-05
attention_q_pca_h,head,1,6,0.026109442137500074,0.9837116769808882,0.9694698276011017,0.9531607876007687,0.0009796626545721665,0.0008913518322515301,-8.831082232063636e-05
attention_q_pca_h,head,1,7,0.02946511037634615,0.9853682668669534,0.977740909159577,0.9804049345820024,0.0008496042137267068,0.0010886471573030576,0.0002390429435763508
attention_q_pca_h,head,2,0,0.0355929474489871,0.9899146065725359,0.949191958757999,0.93074328086682,0.0008472410700051114,0.0008402942476095632,-6.9468223955482244e-06
attention_q_pca_h,head,2,1,0.031515477189745233,0.9927853153158461,0.9586004826334545,0.9179043403676701,0.0007527524139732122,0.0008265060896519572,7.375367567874491e-05
attention_q_pca_h,head,2,2,0.035921203971834605,0.975037679594412,0.9662119577403753,0.9344100692964881,0.0008358764680451714,0.0008397188430535607,3.842375008389354e-06
attention_q_pca_h,head,2,3,0.09333881800516147,0.865198940603273,0.830773605388464,0.9246690726861096,0.0008819263166515157,0.0008547531251679175,-2.7173191483598202e-05
attention_q_pca_h,head,2,4,0.03924069862563195,0.9598645964397121,0.9594370172761975,0.9428231307003809,0.0008720182158867829,0.0008912825578590855,1.9264341972302645e-05
attention_q_pca_h,head,2,5,0.10896615308640935,0.7224112669426513,0.8025714944231127,0.9896042069021036,0.0008444627528660931,0.0008449682500213385,5.054971552453935e-07
attention_q_pca_h,head,2,6,0.06820575373142941,0.8557248738286616,0.8665886993432218,0.9233722776611222,0.0008905230351956561,0.0009383002325193956,4.777719732373953e-05
attention_q_pca_h,head,2,7,0.041965314842352934,0.9885905727128255,0.9224163277074451,0.936450646528137,0.0009138985988101922,0.0008623078610980883,-5.1590737712103873e-05
attention_q_pca_h,head,3,0,0.05222873484585,0.9230658405181915,0.8959431741828617,0.9296762260850737,0.0008431294554611668,0.0008785605023149401,3.5431046853773296e-05
attention_q_pca_h,head,3,1,0.04237844151904508,0.9915673144325905,0.9688243583224788,0.9051856190388226,0.0010519377538003027,0.0009052176610566676,-0.00014672009274363518
attention_q_pca_h,head,3,2,0.048588835100011,0.9938803371291176,0.9769077545712741,0.9353108128477263,0.001001644181087613,0.001043665295583196,4.202111449558288e-05
attention_q_pca_h,head,3,3,0.05436811534894176,0.9283096365047195,0.8843352967627656,0.8689228350552642,0.0008220109739340842,0.0008544495794922113,3.2438605558127165e-05
attention_q_pca_h,head,3,4,0.03479299528170396,0.9957902452883439,0.9948188266348525,0.9056406436948851,0.0012359060201561078,0.0012637382606044412,2.7832240448333323e-05
attention_q_pca_h,head,3,5,0.06112881689474919,0.9449865931899095,0.9420913744215951,0.9089880344446952,0.0008371336225536652,0.00085695598681923,1.982236426556483e-05
attention_q_pca_h,head,3,6,0.045068193318200035,0.9856594950950288,0.909501640597118,0.9101665483394257,0.0008841383678372949,0.0008528444814146496,-3.12938864226453e-05
attention_q_pca_h,head,3,7,0.048119155229983376,0.9374658477327167,0.9265864285553931,0.9213997806366248,0.0010047538380604237,0.0008291245030704886,-0.00017562933498993516
attention_q_pca_h,head,4,0,0.06565703775789608,0.8950301845073491,0.9179069454396561,0.9160277624417692,0.0009317228614236228,0.0009350562904728577,3.3334290492348373e-06
attention_q_pca_h,head,4,1,0.061544974220892626,0.9176159481814641,0.8938813380830436,0.9183795393041727,0.0008499420728185214,0.0008997860059025697,4.984393308404833e-05
attention_q_pca_h,head,4,2,0.0641704007049944,0.9765699438669412,0.9104084189959631,0.8952826278336824,0.0008775924579822458,0.0008396974371862598,-3.7895020795986056e-05
attention_q_pca_h,head,4,3,0.04230963717495452,0.9941790528021031,0.9847789484142131,0.9091867440481524,0.0008700012840563431,0.0007731861842330545,-9.681509982328862e-05
attention_q_pca_h,head,4,4,0.08170987466794871,0.8956073004300392,0.8552714326977369,0.894352909743982,0.001051614759489894,0.0010922426445176825,4.062788502778858e-05
attention_q_pca_h,head,4,5,0.0488092275168115,0.9307424201882766,0.9105615687150924,0.8925545958622685,0.0008444307823083363,0.0008839611618896015,3.953037958126515e-05
attention_q_pca_h,head,4,6,0.045634676627133,0.9857935554459939,0.955093683365579,0.9503717466980839,0.0008407989953411743,0.0008236969661084004,-1.710202923277393e-05
attention_q_pca_h,head,4,7,0.050599583077979134,0.9731822290943133,0.9062742199510296,0.9199675310360376,0.0008926474620238878,0.000841603716253303,-5.104374577058479e-05
attention_q_pca_h,head,5,0,0.07069488135743507,0.9251241713589369,0.8894470597004587,0.8673444404253938,0.0009538170997984707,0.0008794483946985565,-7.436870509991422e-05
attention_q_pca_h,head,5,1,0.11008693400873322,0.8603978841862983,0.8952252907150398,0.8483292344227623,0.000931799724639859,0.0008391166120418347,-9.268311259802431e-05
attention_q_pca_h,head,5,2,0.20979540236186983,0.6637750747401467,0.8099385638430845,0.9433314252349574,0.0009066557977348566,0.0008785217651166022,-2.8134032618254423e-05
attention_q_pca_h,head,5,3,0.05839197774740761,0.9890542917183075,0.9722967227532555,0.9226717547990322,0.0010783223697217181,0.0008181700031855144,-0.00026015236653620377
attention_q_pca_h,head,5,4,0.07197339806483173,0.8982480173447687,0.8719072800530788,0.8447717307873961,0.000866581525770016,0.0008916696315282024,2.508810575818643e-05
attention_q_pca_h,head,5,5,0.06805887638522139,0.8222022929040254,0.8538199100141008,0.8511070643066484,0.0008327345931320451,0.0008796070396783762,4.687244654633105e-05
attention_q_pca_h,head,5,6,0.05003759186333894,0.9628708598959532,0.8862950317391347,0.8923670299944797,0.0009051478336914442,0.0008993908923002891,-5.756941391155124e-06
attention_q_pca_h,head,5,7,0.05723827127202489,0.9643239508900742,0.960294653541312,0.9163745288340248,0.0008251783074229024,0.0008521593335899524,2.6981026167050004e-05
attention_q_pca_h,head,6,0,0.08124822127072093,0.8814117873949701,0.8973181819379628,0.8997377676697775,0.0010015138395829126,0.0009194904851028696,-8.202335448004305e-05
attention_q_pca_h,head,6,1,0.07496844369165896,0.8625276212485947,0.8954171889609907,0.8726162240862899,0.0009540579922031611,0.0008005607087397948,-0.00015349728346336633
attention_q_pca_h,head,6,2,0.054537198409342486,0.9815114834401824,0.9618896043311203,0.8975201507624782,0.0008471158143947832,0.0009686583580332808,0.00012154254363849759
attention_q_pca_h,head,6,3,0.038791866782041495,0.9586969166257844,0.9658601054141265,0.8794388720904232,0.0009291477108490653,0.0009054305046447553,-2.371720620431006e-05
attention_q_pca_h,head,6,4,0.052727848442894944,0.9797588225467763,0.9201996729442219,0.9093212737445938,0.0009730087840580381,0.0008556778921047226,-0.00011733089195331559
attention_q_pca_h,head,6,5,0.08813452517052871,0.8763294794038174,0.8387351301674993,0.8537306760679547,0.000905253466044087,0.0009137386296060868,8.485163561999798e-06
attention_q_pca_h,head,6,6,0.09744434227087892,0.867141996036923,0.8565407106696898,0.8840182650282203,0.0008864915216690861,0.000865039175550919,-2.1452346118167043e-05
attention_q_pca_h,head,6,7,0.12080775789802742,0.7984560124192708,0.8227172976657423,0.8749306938889749,0.0009276931596104987,0.0009025415638461709,-2.5151595764327794e-05
attention_q_pca_h,head,7,0,0.07244482444316222,0.858292718130728,0.8937611338633494,0.8986060966116305,0.0008954849836300127,0.0010180086537729949,0.00012252367014298216
attention_q_pca_h,head,7,1,0.0774001293283599,0.9589659534859525,0.9235117337719567,0.8540740771868183,0.0008834469481371343,0.0008719539910089225,-1.1492957128211856e-05
attention_q_pca_h,head,7,2,0.08349508272073566,0.8782481028957524,0.8684179032503798,0.8647653450977936,0.0008893301492207684,0.0008565091557102278,-3.2820993510540575e-05
attention_q_pca_h,head,7,3,0.08162990731182675,0.881728969878832,0.9124304231808209,0.8806808480122298,0.0008597994528827257,0.000777621942688711,-8.217751019401476e-05
attention_q_pca_h,head,7,4,0.07227928227706372,0.9166317743321926,0.8586238349445499,0.8593074804306672,0.0008846411001286469,0.0008711964474059641,-1.3444652722682804e-05
attention_q_pca_h,head,7,5,0.10416322317338549,0.829223921649732,0.8481439436442391,0.8769757886673044,0.0009090250168810599,0.0008961815474322066,-1.2843469448853284e-05
attention_q_pca_h,head,7,6,0.12650033885564427,0.8382204403796103,0.818704524368721,0.8612604267247317,0.0010422126651974395,0.0008593886959715746,-0.00018282396922586486
attention_q_pca_h,head,7,7,0.06551902657708472,0.944195690220148,0.8562983752915608,0.8626269149105545,0.0008435645140707493,0.0008101589774014428,-3.340553666930646e-05
attention_q_pca_h,head,8,0,0.2397678946179,0.6886247502391074,0.8046302810299211,0.9310960333974827,0.000904008025827352,0.0008984387532109395,-5.569272616412491e-06
attention_q_pca_h,head,8,1,0.07581410937846404,0.9323310254652643,0.9598026430701874,0.9277511276151996,0.0009478458741796203,0.0010041146451840177,5.626877100439742e-05
attention_q_pca_h,head,8,2,0.2497176963264528,0.7288331314186913,0.7576539052560236,0.8727103672619116,0.0009231404474121518,0.0009149329052888788,-8.207542123273015e-06
attention_q_pca_h,head,8,3,0.11929549754357681,0.824576007959122,0.8277499380114527,0.8188808399955654,0.0008263326017186046,0.0008244677301263437,-1.8648715922608972e-06
attention_q_pca_h,head,8,4,0.1404302890361158,0.8120013873109917,0.8237840194154957,0.838439699878565,0.0008447683212580159,0.0008543044968973845,9.536175639368594e-06
attention_q_pca_h,head,8,5,0.05744071624134042,0.9780897444805154,0.9538256000373024,0.9297753483037392,0.0009998847963288426,0.0010962400119751692,9.635521564632654e-05
attention_q_pca_h,head,8,6,0.16521579553593438,0.7543566938060238,0.8024514151354936,0.8549425162844217,0.0009075582784134895,0.0008540084672858939,-5.3549811127595603e-05
attention_q_pca_h,head,8,7,0.20986782674936127,0.7127589690972949,0.7438164380731946,0.8043478084043153,0.000901543207874056,0.0008821215815260075,-1.942162634804845e-05
attention_q_pca_h,head,9,0,0.21689362572602486,0.6625621060054402,0.7319882618018554,0.8167243135858027,0.0008726477390155196,0.0009034735412569717,3.082580224145204e-05
attention_q_pca_h,head,9,1,0.12805792633944021,0.8982665018926498,0.9156712393895414,0.9204055715539265,0.0008408916328335181,0.0009099297967622988,6.90381639287807e-05
attention_q_pca_h,head,9,2,0.061047583482215124,0.9891333917886003,0.9921123265221379,0.8786781953941927,0.0008791766595095396,0.000855000558658503,-2.4176100851036608e-05
attention_q_pca_h,head,9,3,0.23939986683184203,0.7266357528041346,0.8095094381784214,0.8690888469047695,0.0008831495215417817,0.0008758533731452189,-7.296148396562785e-06
attention_q_pca_h,head,9,4,0.17793498517628972,0.7230667499408934,0.7403168959722258,0.8207269677925895,0.0008925535876187496,0.0009134226784226485,2.086909080389887e-05
attention_q_pca_h,head,9,5,0.1709497493310413,0.7627274636222335,0.7923523159426951,0.8532395162155499,0.0008886416981113143,0.000911637136596255,2.2995438484940678e-05
attention_q_pca_h,head,9,6,0.1872520898930212,0.7514613652298034,0.7968239897507665,0.8779474431450669,0.0008985738531919196,0.0008987664696178399,1.9261642592027783e-07
attention_q_pca_h,head,9,7,0.18642227514449725,0.7372525313111113,0.7809728870373077,0.8448926204353233,0.0008657970902277157,0.0008880677632987499,2.2270673071034253e-05
attention_q_pca_h,head,10,0,0.2947535785357025,0.701647688588572,0.7918202495751718,0.9016301745906738,0.0008820751536404714,0.0008928083261707798,1.0733172530308366e-05
attention_q_pca_h,head,10,1,0.1617111664536711,0.8353472962112527,0.8475635348467139,0.8764948002277497,0.0009135065556620248,0.0009802899439819157,6.678338831989095e-05
attention_q_pca_h,head,10,2,0.09003986845430471,0.9340354992946243,0.917718843214042,0.8990474766974215,0.0008774553498369642,0.0008398152567679062,-3.764009306905791e-05
attention_q_pca_h,head,10,3,0.21825122903557495,0.8490562152113267,0.8189308938500042,0.9282543098007001,0.0008723176360945217,0.0008458007650915533,-2.65168710029684e-05
attention_q_pca_h,head,10,4,0.22159469618950403,0.7521372549860906,0.8030625599695089,0.8608132582701523,0.000993018074950669,0.0009447794000152498,-4.823867493541911e-05
attention_q_pca_h,head,10,5,0.16802395817977092,0.8015224496902976,0.7722143756797106,0.8253528006430075,0.0008882380498107523,0.000829806609544903,-5.843144026584923e-05
attention_q_pca_h,head,10,6,0.12700861769761082,0.8070688935654636,0.7805503257424748,0.8025447115065577,0.000904867280041799,0.0009288510264013894,2.398374635959044e-05
attention_q_pca_h,head,10,7,0.2903579271684399,0.7421384499780268,0.8149718099797871,0.8309097363683782,0.0008477288429276086,0.0009153511273325421,6.762228440493345e-05
attention_q_pca_h,head,11,0,0.14718984189401124,0.7860596608523613,0.779555106813574,0.8137792237864561,0.0008771503926254809,0.0008710777692613192,-6.0726233641617e-06
attention_q_pca_h,head,11,1,0.2314441570117,0.7541497866919703,0.7706909782765687,0.8314046286484813,0.0009000821228255518,0.0008829114885884337,-1.7170634237118065e-05
attention_q_pca_h,head,11,2,0.10931252304224975,0.8750886813115379,0.8743513106044538,0.8577393791836676,0.0008982939834822901,0.0008673567135701887,-3.093726991210133e-05
attention_q_pca_h,head,11,3,0.19417360495846148,0.728278403677265,0.7554781571255156,0.8182290936358854,0.0008781417927821167,0.0008809197679511271,2.7779751690104604e-06
attention_q_pca_h,head,11,4,0.09242371653615186,0.9681919132435206,0.8965294455189641,0.868892153471628,0.0008697567027411424,0.0009028498097904958,3.309310704935342e-05
attention_q_pca_h,head,11,5,0.16405399263088277,0.8011088257197192,0.8168638117644641,0.8613507013920483,0.0008391273513552733,0.0008320013002958149,-7.126051059458405e-06
attention_q_pca_h,head,11,6,0.15775241071826923,0.7643834477914973,0.7820151556492895,0.809893581007258,0.000886228313902393,0.0008581272340961732,-2.8101079806219786e-05
attention_q_pca_h,head,11,7,0.13460516241814646,0.8609028696584349,0.8593622743646073,0.8795985410085811,0.0008570629943278618,0.000978573203610722,0.00012151020928286016
attention_q_pca_h,head,12,0,0.07850580757319707,0.880684857405039,0.870467943252743,0.8966358859768608,0.0008875774219632149,0.0008756208117119968,-1.195661025121808e-05
attention_q_pca_h,head,12,1,0.11691652493181681,0.8550039968188423,0.8341459977215373,0.8692389980440077,0.0008387297202716582,0.0008450055029243231,6.27578265266493e-06
attention_q_pca_h,head,12,2,0.11392867929101282,0.8354976408637714,0.803837368983888,0.845422945053447,0.0008278857785626315,0.0008762972793192603,4.841150075662881e-05
attention_q_pca_h,head,12,3,0.06954178864271374,0.9316323507553572,0.9051973681527258,0.8912696219398575,0.0008493449786328711,0.0008671132673043758,1.7768288671504706e-05
attention_q_pca_h,head,12,4,0.06804085841150519,0.9431091718129075,0.944037302387466,0.9205171969174071,0.0008748062755330466,0.000997419141640421,0.00012261286610737443
attention_q_pca_h,head,12,5,0.09279479383973446,0.8794472902001687,0.9070602041141458,0.9182446549173885,0.000776954329921864,0.0008212880493374541,4.433371941559017e-05
attention_q_pca_h,head,12,6,0.07779829841064312,0.8842212415444092,0.9139486495556759,0.8640073707115836,0.0009244944594684057,0.0009116276996792294,-1.2866759789176285e-05
attention_q_pca_h,head,12,7,0.10682131082889718,0.8466094246340656,0.8797401562611558,0.8553129807535544,0.0009113007035921328,0.000852905330248177,-5.8395373343955725e-05
attention_q_pca_h,head,13,0,0.2750539324327859,0.6535890940132698,0.7329419917369842,0.8176788533923945,0.0008823304233374074,0.0008973901713034138,1.5059747966006398e-05
attention_q_pca_h,head,13,1,0.3014783251500644,0.6701646499341377,0.7565678567715438,0.8563136206815398,0.0008529445331078023,0.0008779518830124289,2.5007349904626608e-05
attention_q_pca_h,head,13,2,0.26926582464005455,0.6634135092297009,0.7605687364767365,0.816878098841717,0.000901694867934566,0.000858776897075586,-4.291797085897997e-05
attention_q_pca_h,head,13,3,0.22300002747973927,0.6812282966239971,0.7538194929947827,0.8270994715641588,0.0008510300103807822,0.0008914367426768877,4.0406732296105474e-05
attention_q_pca_h,head,13,4,0.2653494688071252,0.7036821297767736,0.7781146734800806,0.84877461351049,0.0008772839064477012,0.0009228016642737202,4.551775782601908e-05
attention_q_pca_h,head,13,5,0.21553758242648557,0.7030920347777263,0.7775150862368743,0.8232387843256124,0.0008907978917704895,0.0009100082752411254,1.921038347063586e-05
attention_q_pca_h,head,13,6,0.17234815002192339,0.7501495555089964,0.7821018922398679,0.8514522942726546,0.0008670023089507595,0.0008944972796598449,2.7494970709085464e-05
attention_q_pca_h,head,13,7,0.12915587689302996,0.8303770440291498,0.8293952075266094,0.8667337449861061,0.0008879442684701644,0.0008227360594901256,-6.520820898003876e-05
attention_q_pca_h,head,14,0,0.22993011681080247,0.6803751587905873,0.7850983461363126,0.8466089668000464,0.0009022685626405291,0.000880014558788389,-2.225400385214016e-05
attention_q_pca_h,head,14,1,0.18555861415685748,0.6941998996909257,0.7348678599340284,0.8010858687050948,0.0008464038037345745,0.0008516376910847612,5.233887350186706e-06
attention_q_pca_h,head,14,2,0.07046853827213082,0.9733335646097357,0.9168578743420807,0.8823601660832174,0.0008069436662481166,0.0008630625088699162,5.611884262179956e-05
attention_q_pca_h,head,14,3,0.2167082316731319,0.7182923221219415,0.753784568759178,0.8333011821300152,0.0008720127807464451,0.0009003957384265959,2.8382957680150867e-05
attention_q_pca_h,head,14,4,0.2323789390462893,0.67969671081767,0.7550946331367393,0.9079401280078081,0.0008902702538762242,0.0008925039874156937,2.23373353946954e-06
attention_q_pca_h,head,14,5,0.1839182620744973,0.7339074421869847,0.768552036552727,0.8354689121290235,0.0008796099136816338,0.0008990005808300339,1.9390667148400098e-05
attention_q_pca_h,head,14,6,0.1171251752356136,0.9331682874988918,0.9165646566396806,0.8737999149208124,0.0008628700379631482,0.0008683399137225933,5.469875759445131e-06
attention_q_pca_h,head,14,7,0.2620122915051358,0.6972392635390896,0.7557912724121838,0.8365662854178971,0.000881006104464177,0.0008659090526634827,-1.5097051800694317e-05
attention_q_pca_h,head,15,0,0.18234902011517926,0.714211210444398,0.8124247629930734,0.9210573362554735,0.0008790166830294766,0.0009049131331266835,2.589645009720698e-05
attention_q_pca_h,head,15,1,0.08226299495828976,0.9069151171661837,0.8715374818000312,0.8849246463005054,0.0009144790601567365,0.0007894305454101413,-0.00012504851474659517
attention_q_pca_h,head,15,2,0.13659825573673046,0.7921198695066225,0.8109635536843585,0.82992254638696,0.0008943304419517517,0.0008378226193599403,-5.650782259181142e-05
attention_q_pca_h,head,15,3,0.14518942970661805,0.7624862070546423,0.8326018002175839,0.8393670423768897,0.0008880512905307114,0.0008428552828263491,-4.519600770436227e-05
attention_q_pca_h,head,15,4,0.16473624634495088,0.776403757076768,0.8040418299830341,0.8837464920840603,0.0009494999831076711,0.0009088298393180594,-4.067014378961176e-05
attention_q_pca_h,head,15,5,0.17037890526219998,0.7135596074844093,0.7826726507833036,0.8198284301328069,0.000872481097758282,0.0008880982859409414,1.5617188182659447e-05
attention_q_pca_h,head,15,6,0.13418019253519362,0.7798257783702792,0.7986776203701618,0.8521064132702666,0.0008677764562889934,0.0008850711528793909,1.7294696590397507e-05
attention_q_pca_h,head,15,7,0.19723808771835802,0.8290952479896371,0.8430310221185078,0.9418955355634415,0.0008565605821786448,0.0009155407169600949,5.898013478145003e-05
attention_q_pca_h,head,16,0,0.22624551931580705,0.7246633012016613,0.7920426116792573,0.8809280783351862,0.0008473257694276981,0.0008870956444297917,3.976987500209361e-05
attention_q_pca_h,head,16,1,0.10428079326421322,0.8632487966715056,0.8619157195417637,0.8615156479256243,0.0009477677958784625,0.0009153390055871569,-3.242879029130563e-05
attention_q_pca_h,head,16,2,0.1756559957798267,0.6871491327323332,0.7617811357937605,0.8208492417646918,0.00083731027552858,0.0008677395962877199,3.0429320759139955e-05
attention_q_pca_h,head,16,3,0.07434400865001053,0.9729114071250391,0.9677366210209695,0.9061207448034237,0.0007930450155981816,0.0007992962418938987,6.2512262957170606e-06
attention_q_pca_h,head,16,4,0.15649594200365116,0.753114448405372,0.8062446873896991,0.8795545892178155,0.0008660501698614098,0.0009057448769453913,3.9694707083981484e-05
attention_q_pca_h,head,16,5,0.17482186086224993,0.7707903312347091,0.8599694323433272,0.9040531596920716,0.0009118441230384633,0.0009201776629197411,8.33353988127783e-06
attention_q_pca_h,head,16,6,0.22602303006725472,0.6507069248527082,0.7579082551911718,0.8135150021796757,0.0008782963050180115,0.0009000783829833381,2.1782077965326607e-05
attention_q_pca_h,head,16,7,0.059611339601249466,0.9438074710581619,0.964746326866799,0.9126515432345769,0.0008321099958266132,0.0008604410904808901,2.8331094654276967e-05
attention_q_pca_h,head,17,0,0.14106107096918458,0.7583305400765058,0.7469507722358346,0.7981716910704315,0.0008867124197422527,0.000846826755150687,-3.988566459156573e-05
attention_q_pca_h,head,17,1,0.10606221337227222,0.8767487201127695,0.8673330720298731,0.8668837869236423,0.0008621412343927659,0.0008739992408663966,1.1858006473630667e-05
attention_q_pca_h,head,17,2,0.116222719767389,0.84387319111277,0.8863031381264665,0.8851856368394408,0.0009363343997392803,0.0009431242287973873,6.789829058106989e-06
attention_q_pca_h,head,17,3,0.10898240585213238,0.8907182249095948,0.8392975128334359,0.8527294487651658,0.0008098844045889564,0.0008621759188827127,5.2291514293756336e-05
attention_q_pca_h,head,17,4,0.10115519246188696,0.8793915650167008,0.8565498632314743,0.8898787058761571,0.0008845181291690096,0.0008419479563599452,-4.257017280906439e-05
attention_q_pca_h,head,17,5,0.14251848023368527,0.797343958398655,0.8101885901035457,0.8465169342167618,0.0008680381943122484,0.0008900686298147775,2.2030435502529144e-05
attention_q_pca_h,head,17,6,0.22756549619719468,0.661203918376768,0.756073236371168,0.8451523197368714,0.0008714829164091498,0.0009257742494810373,5.429133307188749e-05
attention_q_pca_h,head,17,7,0.14983652907967643,0.761194264760888,0.7830261157874681,0.814133788092736,0.0009348509993287735,0.0009180527777061798,-1.67982216225937e-05
attention_q_pca_h,head,18,0,0.11661050821873975,0.7488072530021636,0.7673281126021825,0.7881357248606656,0.0009628118059481494,0.0008711162372492254,-9.169556869892403e-05
attention_q_pca_h,head,18,1,0.1317518324612858,0.8326768503446496,0.7857193648866992,0.7898503219215405,0.000827944117190782,0.0009357235030620359,0.00010777938587125391
attention_q_pca_h,head,18,2,0.14747244198141649,0.7336066969449174,0.7600431122715925,0.810921322121918,0.0008401382074225694,0.0008770880158408545,3.69498084182851e-05
attention_q_pca_h,head,18,3,0.12305580764705944,0.8542537878907739,0.824244793605875,0.8124723103066498,0.000901658677321393,0.0009354020658065565,3.374338848516345e-05
attention_q_pca_h,head,18,4,0.1379124766894927,0.7025446139949775,0.7179699556567295,0.8185970344501721,0.0008744403239688836,0.000889229093445465,1.4788769476581365e-05
attention_q_pca_h,head,18,5,0.18595633510552004,0.7215048557321873,0.7297628898451767,0.8096396292265406,0.0008915348371374421,0.0008945750305429101,3.040193405468017e-06
attention_q_pca_h,head,18,6,0.08355471538788638,0.9331759771137356,0.9114374056195595,0.8681366958721842,0.0008284159703180194,0.0008620552689535543,3.363929863553494e-05
attention_q_pca_h,head,18,7,0.1647145856942515,0.7192271349414017,0.7308402963250205,0.8102871451366219,0.0008417192730121315,0.0008636596030555665,2.1940330043435097e-05
attention_q_pca_h,head,19,0,0.19780297112280484,0.7458679541128785,0.798601221126492,0.911248636484731,0.0009294331030105241,0.0009175601880997419,-1.1872914910782129e-05
attention_q_pca_h,head,19,1,0.09489859552179199,0.9430794151295722,0.8804111135333849,0.8794139725122159,0.0010278652771376073,0.0009731072568683885,-5.475802026921883e-05
attention_q_pca_h,head,19,2,0.13633712638172757,0.8525928911705571,0.787557929840033,0.8567955696556095,0.0008339359774254262,0.0008492771521559916,1.53411747305654e-05
attention_q_pca_h,head,19,3,0.21065565632837036,0.7705217031539424,0.7889298245586024,0.9370833033395977,0.0008966068344307132,0.0008859193403623067,-1.0687494068406522e-05
attention_q_pca_h,head,19,4,0.10928132488981004,0.8600318114928247,0.8320850827529794,0.8608843888419164,0.000895685217983555,0.0009429237834410742,4.7238565457519144e-05
attention_q_pca_h,head,19,5,0.12140726955499113,0.8494432256512929,0.8426559517203869,0.8496858463011479,0.0008640844171168283,0.0008994221352622844,3.5337718145456165e-05
attention_q_pca_h,head,19,6,0.11529802633642,0.8118826440048368,0.8006868493658456,0.8435719828680335,0.0009018193668453023,0.0009772008706931956,7.538150384789333e-05
attention_q_pca_h,head,19,7,0.10341335696497139,0.875253005319553,0.7935375590839189,0.79461785584531,0.0009548499947413802,0.0009050167354871519,-4.9833259254228324e-05
attention_q_pca_h,head,20,0,0.18169187343239313,0.7359040703243813,0.794862307628828,0.8196716660504355,0.0009125701981247403,0.0009094755660044029,-3.0946321203373373e-06
attention_q_pca_h,head,20,1,0.10845016912700504,0.8538059450777647,0.8217542146114676,0.8887532194177408,0.0008482678385917097,0.0008770107669988647,2.8742928407154977e-05
attention_q_pca_h,head,20,2,0.1252986223301554,0.8370915063667311,0.8290700686213468,0.8280934924646499,0.0008903495399863459,0.0008770275526330806,-1.3321987353265285e-05
attention_q_pca_h,head,20,3,0.18821571133739756,0.7172962104885326,0.7969597906978125,0.8798269363182235,0.0008612262608949095,0.0008486250444548205,-1.2601216440089047e-05
attention_q_pca_h,head,20,4,0.09631780941778591,0.854640522044421,0.7671661266785065,0.8098494310809631,0.0008122784056467935,0.0009125327269430272,0.00010025432129623368
attention_q_pca_h,head,20,5,0.15944905557133807,0.7631460006758092,0.7939949083797221,0.8834564843439443,0.0008832474704831839,0.0009678755450295284,8.462807454634458e-05
attention_q_pca_h,head,20,6,0.2203541418405948,0.6702169793986216,0.7726138533972939,0.884637378547317,0.0008887294898158871,0.0008729478649911471,-1.5781624824739993e-05
attention_q_pca_h,head,20,7,0.0907050532222313,0.8837528384008584,0.8602433201212047,0.8504312000360464,0.0008447507134405896,0.0009776794249773957,0.00013292871153680608
attention_q_pca_h,head,21,0,0.14028967835948697,0.7885802021654099,0.7914017035530786,0.8548539506474957,0.0008779578711255454,0.0008775624010013416,-3.9547012420371175e-07
attention_q_pca_h,head,21,1,0.05932207342093276,0.9253183072246554,0.9621021406051069,0.8953578141019028,0.0008833844840410165,0.0008487903760396875,-3.4594108001329005e-05
attention_q_pca_h,head,21,2,0.12269742389125275,0.8519374504144923,0.8832273711572105,0.8733937139070806,0.0008346875692950562,0.0008242914700531401,-1.039609924191609e-05
attention_q_pca_h,head,21,3,0.14977571671121437,0.7909159647845357,0.7877231248014641,0.8420720664988636,0.0008968590482254513,0.0009080727468244731,1.1213698599021882e-05
attention_q_pca_h,head,21,4,0.08986698541112358,0.9288739014789493,0.8725090320991765,0.8374686714344958,0.0008065847650868818,0.00081987252633553,1.3287761248648167e-05
attention_q_pca_h,head,21,5,0.09992625450928994,0.8156579164638691,0.8173504311323455,0.8834418895911629,0.0008915680882637389,0.0009051158776856028,1.3547789421863854e-05
attention_q_pca_h,head,21,6,0.1639491507714268,0.7468204440447935,0.7655656557368969,0.815508268311103,0.0009068257277249359,0.0008557655164622702,-5.106021126266569e-05
attention_q_pca_h,head,21,7,0.11646300461379784,0.7492978448990577,0.7627241746981328,0.9016498686570334,0.0009291585811297409,0.0009214587626047432,-7.699818524997681e-06
attention_q_pca_h,head,22,0,0.13616467272030022,0.7561114336647172,0.7974251640930403,0.8843854826483091,0.0008716230950085446,0.0008675715944264084,-4.051500582136214e-06
attention_q_pca_h,head,22,1,0.0945098140201076,0.8933192140544925,0.8362420142621065,0.8229829434092445,0.0009330071989097632,0.0008119704143609852,-0.00012103678454877809
attention_q_pca_h,head,22,2,0.16997004829111378,0.7687186218319277,0.7978916518165616,0.8612168139561711,0.0008949827606556937,0.0008846984928823076,-1.0284267773386091e-05
attention_q_pca_h,head,22,3,0.18913549191264242,0.7077090173789228,0.8030741020851234,0.907060318241152,0.0009044080215971917,0.0009168630567728542,1.2455035175662488e-05
attention_q_pca_h,head,22,4,0.07310903383970208,0.9660985806638285,0.9115221484997004,0.8851939875545581,0.0008229808954638429,0.001070534810423851,0.0002475539149600081
attention_q_pca_h,head,22,5,0.1321158424067473,0.7123013257045286,0.6926387434514647,0.7806018667257889,0.0008903640118660405,0.0009066150305443443,1.6251018678303808e-05
attention_q_pca_h,head,22,6,0.14459695738152198,0.7795469831920597,0.7906631457880257,0.8194397643362497,0.0008679156308062375,0.0010328488278901204,0.000164933197083883
attention_q_pca_h,head,22,7,0.1500037559433469,0.7306057688285084,0.7874347578766991,0.8777355487106454,0.0009286930508096702,0.0008534914450137876,-7.520160579588264e-05
attention_q_pca_h,head,23,0,0.08965311042192986,0.9104991338623849,0.8443860086536202,0.8385984622991995,0.0008169765860657208,0.0008151974107022397,-1.7791753634810448e-06
attention_q_pca_h,head,23,1,0.1412104150103391,0.7699780701908263,0.7839109727864408,0.8826180806508332,0.0008936486847233027,0.0008988959525595419,5.247267836239189e-06
attention_q_pca_h,head,23,2,0.1268802854522549,0.7923156454622774,0.7446714961870835,0.7878670654436005,0.0008564824311179109,0.0008295887018903159,-2.689372922759503e-05
attention_q_pca_h,head,23,3,0.13716806315292546,0.7422005636491034,0.7844908548378345,0.8515798463669191,0.0008809417340671644,0.0008874148188624531,6.473084795288742e-06
attention_q_pca_h,head,23,4,0.10153449875038717,0.956423312410716,0.9084624328298292,0.8463772429633943,0.0008795082394499332,0.0008894112907000817,9.903051250148565e-06
attention_q_pca_h,head,23,5,0.14558455097588738,0.7967265958926909,0.8059388837705042,0.8409661573906966,0.0008910946489777416,0.0009119728492805734,2.087820030283183e-05
attention_q_pca_h,head,23,6,0.1482694672446873,0.7486181598000486,0.7555551159486081,0.8340377951887532,0.0008914582067518495,0.0008953570650191978,3.89885826734826e-06
attention_q_pca_h,head,23,7,0.06501510514156403,0.9870526966656906,0.9471546301484122,0.8892969507720656,0.0008120608108583838,0.000813511542219203,1.4507313608191907e-06
attention_q_pca_h,head,24,0,0.1272326274162953,0.8015966095798721,0.7577644256262256,0.8189904854731027,0.0008658718070364557,0.0008529800397809595,-1.2891767255496234e-05
attention_q_pca_h,head,24,1,0.12919021535669803,0.8313679419386532,0.759291871113511,0.8172296699023653,0.0008804634417174384,0.0009921656164806336,0.00011170217476319522
attention_q_pca_h,head,24,2,0.11514559111185813,0.9307590066833134,0.8176403565250914,0.7810370720593016,0.0008947310270741582,0.0008209283550968394,-7.380267197731882e-05
attention_q_pca_h,head,24,3,0.06890582152861188,0.9768880926447384,0.9464708455289697,0.9284143963305285,0.0009476271734456532,0.0009239504433935508,-2.3676730052102357e-05
attention_q_pca_h,head,24,4,0.14032814203082758,0.7456969474986056,0.8008926554603766,0.8902626521783197,0.0008674335695104674,0.0009159026958514005,4.8469126340933144e-05
attention_q_pca_h,head,24,5,0.13130939781531084,0.751925043599657,0.8108604539099241,0.8777914877812572,0.0008903137058950961,0.0008493620043736883,-4.095170152140781e-05
attention_q_pca_h,head,24,6,0.18791657429294784,0.710846499998001,0.8288109358908018,0.911507445330011,0.0008628596187918447,0.0009591123598511331,9.625274105928838e-05
attention_q_pca_h,head,24,7,0.08369346959390689,0.9738134378595398,0.963037340494888,0.8882664629433727,0.0008298129396280274,0.0007960927105159499,-3.3720229112077504e-05
attention_q_pca_h,head,25,0,0.10693862210804708,0.8974307984203664,0.8305081261021081,0.8330280676263448,0.0008832856838125736,0.0008690959366504103,-1.4189747162163258e-05
attention_q_pca_h,head,25,1,0.12803461880508105,0.7341029818439708,0.8058916159450739,0.9254243703212968,0.0009275127740693279,0.0009275535412598401,4.0767190512269735e-08
attention_q_pca_h,head,25,2,0.09126945371489348,0.9007613492973641,0.8610019537689895,0.8301129146356294,0.0009041063822223805,0.0009725198615342379,6.841347931185737e-05
attention_q_pca_h,head,25,3,0.1290714239717965,0.7238313698312367,0.8082495599013998,0.9352010244863753,0.0008623126486781985,0.0008943512220866978,3.203857340849936e-05
attention_q_pca_h,head,25,4,0.1415047628408647,0.8525180162783801,0.8623179696898884,0.8614647217682146,0.0008677214864292182,0.0007971000522957183,-7.062143413349986e-05
attention_q_pca_h,head,25,5,0.060474356330170606,0.9458070606441144,0.9857808350884308,0.886431838747312,0.0009212528239004314,0.0009361212141811848,1.4868390280753374e-05
attention_q_pca_h,head,25,6,0.10999552662259866,0.8572040733397159,0.8436642977677932,0.8043701015370219,0.0008133600786095485,0.0009281296879635192,0.00011476960935397074
attention_q_pca_h,head,25,7,0.08063693266891189,0.9313941323469179,0.9549813796816043,0.8760944798248557,0.0009780028776731342,0.0008314870283356868,-0.00014651584933744743
attention_q_pca_h,head,26,0,0.22919585808859091,0.7311770024807018,0.8207431529054574,0.8719009246487268,0.0009436010805075057,0.0008578130946261808,-8.578798588132486e-05
attention_q_pca_h,head,26,1,0.126212792224938,0.8391649611469386,0.7674676031627008,0.816951951932616,0.0008884577546268702,0.0007915632741060108,-9.689448052085936e-05
attention_q_pca_h,head,26,2,0.11586101799437935,0.8353541676180016,0.8028171509821448,0.8200412882274322,0.0009645130412536673,0.0008189815926016308,-0.0001455314486520365
attention_q_pca_h,head,26,3,0.16765922734596775,0.7401990169567347,0.8225939021981428,0.9093787285792454,0.0008740418634261005,0.0009119864771491848,3.794461372308433e-05
attention_q_pca_h,head,26,4,0.11473159128432027,0.8527902246122854,0.8202603648361385,0.851112459541139,0.000973646659986116,0.0009785739457583986,4.92728577228263e-06
attention_q_pca_h,head,26,5,0.10547626728301411,0.8890000958005022,0.8834772926086638,0.8390843192276588,0.0008534934386261739,0.0008178656935342588,-3.562774509191513e-05
attention_q_pca_h,head,26,6,0.11834835331416851,0.7794383324115851,0.7709170864821985,0.8286679615343855,0.0008658923543407582,0.0008911598197300918,2.5267465389333665e-05
attention_q_pca_h,head,26,7,0.13891707817170373,0.7928761230865994,0.8243653961892365,0.8717286865218307,0.0008754503578529693,0.000882372260093689,6.921902240719646e-06
attention_q_pca_h,head,27,0,0.12161854606619998,0.807123605600762,0.7574019095063256,0.7832976300038808,0.0010459937766427174,0.0009248647911590524,-0.00012112898548366502
attention_q_pca_h,head,27,1,0.16110909250522343,0.7446750546013001,0.8353191807460821,0.9138641122380161,0.000869708732352592,0.0008957356985774823,2.6026966224890202e-05
attention_q_pca_h,head,27,2,0.09457698023920443,0.9656183782043151,0.9309967512071812,0.8839489509738587,0.0007968713107402436,0.0007874295697547495,-9.441740985494107e-06
attention_q_pca_h,head,27,3,0.09335104532492543,0.8918913633419623,0.853187649550318,0.8487021505145977,0.0009593953582225367,0.0008731120033189654,-8.628335490357131e-05
attention_q_pca_h,head,27,4,0.16581292614449689,0.7223615502184093,0.7333451002880564,0.8060447037706344,0.0008700479011167772,0.0008903468187781982,2.0298917661421e-05
attention_q_pca_h,head,27,5,0.13975415650836673,0.7494192550875873,0.8216408974853171,0.884514138589701,0.0009131229526246898,0.0009132919440162368,1.6899139154702425e-07
attention_q_pca_h,head,27,6,0.11414699268267059,0.7645365584895598,0.7335465479812645,0.7533895397296961,0.0008235625646193512,0.0008037250518100336,-1.983751280931756e-05
attention_q_pca_h,head,27,7,0.104677961094528,0.9094627844843794,0.9119873230669633,0.8871623220466835,0.0008394288597628474,0.0010201575350947678,0.00018072867533192039
attention_q_pca_h,head,28,0,0.1396286989953332,0.7886259256097061,0.7762860146785505,0.8327554470777305,0.0008777734910836443,0.0008673276897752658,-1.0445801308378577e-05
attention_q_pca_h,head,28,1,0.07367600546246299,0.9845419137755395,0.9714727251722206,0.8635305105649396,0.0007518863349105231,0.0008023170521482825,5.043071723775938e-05
attention_q_pca_h,head,28,2,0.09923197293485063,0.9356877012605945,0.8837163663121799,0.9063515261308356,0.0009576254160492681,0.0008178787174983881,-0.00013974669855087996
attention_q_pca_h,head,28,3,0.12538889103579565,0.8127447769658531,0.7966858294792222,0.8556923128005798,0.0008587595948483795,0.0008411534508923069,-1.760614395607263e-05
attention_q_pca_h,head,28,4,0.1429521854943019,0.7358280109299995,0.8048622250746528,0.8643306726470597,0.0009067850114661269,0.0008901991313905455,-1.6585880075581372e-05
attention_q_pca_h,head,28,5,0.16630440305311373,0.8502547859011167,0.8568363825361387,0.877388936080952,0.0008840688460622914,0.0008561444556107745,-2.7924390451516956e-05
attention_q_pca_h,head,28,6,0.11476395207470189,0.910169119209759,0.9162887759735292,0.9089512225843341,0.000854237616294995,0.0009232520969817415,6.901448068674654e-05
attention_q_pca_h,head,28,7,0.1275626903441428,0.8533693303594582,0.8208087453187609,0.8590919106349829,0.0008757361356401816,0.0009421230643056333,6.63869286654517e-05
attention_q_pca_h,head,29,0,0.09728258428752559,0.8750537956985939,0.7786571341167525,0.8097493391653888,0.0008549199264962226,0.0008500855983584188,-4.834328137803823e-06
attention_q_pca_h,head,29,1,0.10572283179554197,0.8360510694564256,0.7655551686100267,0.7689711928049343,0.0008823679527267814,0.0008347988477908075,-4.756910493597388e-05
attention_q_pca_h,head,29,2,0.1682983578481619,0.7657101400932819,0.8303718464710289,0.8895524154373216,0.0008434582778136246,0.0009002355800475925,5.677730223396793e-05
attention_q_pca_h,head,29,3,0.09311587442219744,0.7880122459341798,0.8068700509845462,0.8251000334225507,0.0008223766853916459,0.0009165176816168241,9.414099622517824e-05
attention_q_pca_h,head,29,4,0.10882877764703786,0.8677120523334505,0.7772168066734079,0.8533802855188622,0.000927734792639967,0.0008637707724119537,-6.39640202280134e-05
attention_q_pca_h,head,29,5,0.16617247439264438,0.8151397690474931,0.8277960651897915,0.9191461670735986,0.0008782030563452281,0.0008901365945348516,1.1933538189623505e-05
attention_q_pca_h,head,29,6,0.055083731357314265,0.9926937750020598,0.9514068879321755,0.8553890196559518,0.0009332563131465577,0.0009528637820039876,1.960746885742992e-05
attention_q_pca_h,head,29,7,0.12760420052135968,0.8470170804135426,0.804566086858117,0.8523482600966242,0.0008547508114133961,0.0008741228157305159,1.9372004317119718e-05
attention_q_pca_h,head,30,0,0.17430505255877793,0.7884083779652659,0.8291759539383838,0.8770171283317988,0.0009004104213090613,0.0009083708428079262,7.960421498864889e-06
attention_q_pca_h,head,30,1,0.09878291612362092,0.8533922662411118,0.8290453666495077,0.849220771625377,0.0008946500747697428,0.0008078306782408617,-8.681939652888104e-05
attention_q_pca_h,head,30,2,0.13240992412779565,0.882380400927183,0.8486583947915539,0.8777577937696139,0.0009143444549408741,0.000888632821443025,-2.5711633497849107e-05
attention_q_pca_h,head,30,3,0.1527360202203051,0.8053365182633561,0.8172613899532243,0.898103274989184,0.0008495651563862339,0.0009336329458164982,8.406778943026438e-05
attention_q_pca_h,head,30,4,0.11996389974500073,0.8877631297077329,0.8524292142137668,0.887935415301889,0.0008728743487154134,0.0008237285655923188,-4.914578312309459e-05
attention_q_pca_h,head,30,5,0.10279766671715607,0.8981466226510667,0.8589634383617394,0.905369154294114,0.0008547258403268643,0.0009737578729982488,0.00011903203267138451
attention_q_pca_h,head,30,6,0.1901172318041676,0.7336796159512511,0.792302557123518,0.8804551661905382,0.0008466257204418071,0.000887451707967557,4.082598752574995e-05
attention_q_pca_h,head,30,7,0.15570286915851086,0.8726262850614188,0.8264854033964044,0.894457663599586,0.0008593218590249307,0.0008354599922313355,-2.3861866793595254e-05
attention_q_pca_h,head,31,0,0.07445970694041652,0.9593919542738316,0.956653592621635,0.9171835253541653,0.00097512223146623,0.0009310084060416557,-4.4113825424574316e-05
attention_q_pca_h,head,31,1,0.09121246699627326,0.9586442593400681,0.9656984253918452,0.9048724847836982,0.0008980748389149085,0.0009917143324855715,9.363949357066303e-05
attention_q_pca_h,head,31,2,0.0814414134184931,0.8846650527688785,0.8678454640516633,0.88728717638314,0.0008314358710777014,0.0008143497034325264,-1.708616764517501e-05
attention_q_pca_h,head,31,3,0.07083652600263872,0.9571163317477653,0.988981523679088,0.9200456391954897,0.0008366829715669155,0.0009000765130622312,6.339354149531573e-05
attention_q_pca_h,head,31,4,0.10357364176445169,0.8875181165282419,0.9171686650904599,0.9330496730449214,0.0009829863483901136,0.0009293900293414481,-5.3596319048665464e-05
attention_q_pca_h,head,31,5,0.09331745482706555,0.9193426114800745,0.9414998815770108,0.9249923095568482,0.0009352181150461547,0.0009200382119161077,-1.5179903130047023e-05
attention_q_pca_h,head,31,6,0.06290202129228506,0.9489182340347213,0.9702910790491873,0.9335739785723903,0.0010333722020732239,0.0009855982425506227,-4.777395952260122e-05
attention_q_pca_h,head,31,7,0.11432460310151385,0.8781941631564498,0.8533014197032176,0.9018478823132934,0.0008572690421715379,0.0009860838108579628,0.00012881476868642494
attention_q_pca_h,overall,,,0.12036068344668349,0.8454170692808176,0.8507212444427181,0.8750992590717185,0.0008886103273937351,0.0008902138584971908,1.6035311034556798e-06
