condition_id,method,bit_width,seed,dataset,metric_scope,sequence_length,normalized_key_mse,original_key_mse,original_key_relative_mse,mean_key_cosine,worst_head_normalized_mse,worst_layer,worst_head,vectors_per_head,attention_logit_mse,attention_logit_bias,attention_logit_error_variance,attention_probability_kl,attention_output_mse,worst_attention_kl,worst_attention_layer
identity_b2_snone,identity,2,,wikitext,reconstruction,1024,0.0019171056671893894,1.056811405112967,0.24947119257309286,0.8703630439122207,0.00394523108843714,29,6,1024,,,,,,,
identity_b2_snone,identity,2,,wikitext,attention,128,,,,,,,,,8.552607972492543,2.452593577000522,2.537392718548329,1.5355977250728756,0.021216175972654128,2.4242100715637207,28
identity_b2_snone,identity,2,,wikitext,attention,256,,,,,,,,,9.533449904000248,2.6363227606283552,2.583252205793136,1.6375949187204242,0.019818604992337896,2.534858226776123,28
identity_b2_snone,identity,2,,wikitext,attention,512,,,,,,,,,11.189347369396664,2.8792009868497503,2.8995490467200877,1.7464215592481196,0.01872498105697673,2.659914493560791,28
identity_b2_snone,identity,2,,wikitext,attention,1024,,,,,,,,,12.483131959496475,3.0610301960096127,3.1132260986138274,1.817947402363643,0.017510493065060473,2.770603656768799,28
identity_b2_snone,identity,2,,tinystories,reconstruction,1024,0.0019882953085357258,1.1762120446946938,0.2592287402567536,0.86544568836689,0.003990886150859296,29,6,1024,,,,,,,
identity_b2_snone,identity,2,,tinystories,attention,128,,,,,,,,,8.01016439023868,2.3052610898202706,2.6959356979993387,1.3600231234449893,0.018461999420196662,2.22454833984375,28
identity_b2_snone,identity,2,,tinystories,attention,256,,,,,,,,,9.706306322075514,2.6000434676264974,2.946080288528293,1.5645075659267604,0.01797907652044728,2.5474720001220703,28
identity_b2_snone,identity,2,,tinystories,attention,512,,,,,,,,,11.199688247769897,2.838273873106081,3.143889669013305,1.6707100858911872,0.017344581253212255,2.722871780395508,28
identity_b2_snone,identity,2,,tinystories,attention,1024,,,,,,,,,13.146304209639386,3.1262242330574406,3.3730262542838023,1.7770684009883553,0.01703526469830763,2.8841381072998047,28
random_b2_s17,random,2,17,wikitext,reconstruction,1024,0.0009041249723509281,0.49079570852336474,0.11585737069329965,0.9407417945913039,0.0011243875487707555,6,2,1024,,,,,,,
random_b2_s17,random,2,17,wikitext,attention,128,,,,,,,,,0.8453981654588566,0.4869432045045749,0.6082844810456723,0.09466543816961348,0.0012705235552061822,0.15098997950553894,12
random_b2_s17,random,2,17,wikitext,attention,256,,,,,,,,,1.0007210519991032,0.5788217407256249,0.6656864444624607,0.11585700639989227,0.0014419975761370551,0.18031278252601624,12
random_b2_s17,random,2,17,wikitext,attention,512,,,,,,,,,1.191228210345114,0.6719973696137962,0.739647745577253,0.14169374201446772,0.0016482536350395094,0.21613381803035736,12
random_b2_s17,random,2,17,wikitext,attention,1024,,,,,,,,,1.3549738758366283,0.7424986829990294,0.8036695815813351,0.16544301249086857,0.0017484867457824294,0.24004042148590088,12
random_b2_s17,random,2,17,tinystories,reconstruction,1024,0.0009067367099078183,0.5273370346112642,0.11622131892765405,0.9405655164155178,0.0011502798879519105,4,1,1024,,,,,,,
random_b2_s17,random,2,17,tinystories,attention,128,,,,,,,,,0.8496539333994074,0.4811553994352503,0.6181434149937122,0.10080671985633671,0.0013079889664595612,0.1502557098865509,12
random_b2_s17,random,2,17,tinystories,attention,256,,,,,,,,,1.020632640860888,0.5461067770705613,0.7224000288984922,0.13328073755837977,0.0015691968568489756,0.20690198242664337,12
random_b2_s17,random,2,17,tinystories,attention,512,,,,,,,,,1.2177587624414157,0.6506118848774634,0.79446293769761,0.1564687101636082,0.0017093570485826604,0.23475953936576843,12
random_b2_s17,random,2,17,tinystories,attention,1024,,,,,,,,,1.4323123987709603,0.7564050674438476,0.8601637727162287,0.17635637940838933,0.0018295114760462639,0.25564825534820557,12
learned_b2_s17,learned,2,17,wikitext,reconstruction,1024,0.0006288898023143474,0.34109499354599393,0.08051897851304371,0.9600483498070389,0.0007563041581306607,13,0,1024,,,,,,,
learned_b2_s17,learned,2,17,wikitext,attention,128,,,,,,,,,0.42377773735874386,0.13146418463005577,0.4064949055182985,0.05823286372469738,0.000828079241443902,0.09521448612213135,31
learned_b2_s17,learned,2,17,wikitext,attention,256,,,,,,,,,0.459377185843798,0.1457399355794814,0.43813705702108663,0.07105245697312057,0.0009431437194109549,0.11973292380571365,7
learned_b2_s17,learned,2,17,wikitext,attention,512,,,,,,,,,0.5095294353789985,0.15629058339602184,0.48510268892072966,0.08612994197756052,0.0010516724627791518,0.15068000555038452,7
learned_b2_s17,learned,2,17,wikitext,attention,1024,,,,,,,,,0.5426634709427997,0.15225632086396218,0.5194814836997699,0.09833215770777315,0.0011096922063131842,0.16175401210784912,7
learned_b2_s17,learned,2,17,tinystories,reconstruction,1024,0.0006279152610915162,0.3640781655740284,0.0802402293382763,0.9601084643509239,0.00075105695577804,14,7,1024,,,,,,,
learned_b2_s17,learned,2,17,tinystories,attention,128,,,,,,,,,0.43098664560983346,0.1381943045660507,0.41188897979533906,0.06653718510642648,0.0008998020575461396,0.11407560110092163,7
learned_b2_s17,learned,2,17,tinystories,attention,256,,,,,,,,,0.4982136371998471,0.14157198236146326,0.4781710110100927,0.0864102141931653,0.001042647501662941,0.138297900557518,7
learned_b2_s17,learned,2,17,tinystories,attention,512,,,,,,,,,0.5365747973235727,0.1544808816259135,0.5127104545356532,0.09965712239500135,0.0011227763727674756,0.15484075248241425,7
learned_b2_s17,learned,2,17,tinystories,attention,1024,,,,,,,,,0.5755237923598872,0.15660702937986792,0.5509980307087003,0.10897855809889734,0.0011855358809782501,0.17205366492271423,12
random_b2_s29,random,2,29,wikitext,reconstruction,1024,0.0009027602860669504,0.48932119124219753,0.11550929573610036,0.9408258176408708,0.0011731736012734473,0,7,1024,,,,,,,
random_b2_s29,random,2,29,wikitext,attention,128,,,,,,,,,0.8099619381187498,0.4575322093658669,0.6006262155115384,0.0931700790533796,0.0012472241741079415,0.15633374452590942,1
random_b2_s29,random,2,29,wikitext,attention,256,,,,,,,,,0.9570298194885254,0.5487627468220455,0.655889267188849,0.1140414944384247,0.0014029013682943514,0.1835702657699585,7
random_b2_s29,random,2,29,wikitext,attention,512,,,,,,,,,1.14230172861854,0.6412864498227661,0.731053417892253,0.1395067567937076,0.001591519645955941,0.21886590123176575,7
random_b2_s29,random,2,29,wikitext,attention,1024,,,,,,,,,1.3094525239525772,0.7155674492440572,0.7974157495349308,0.1638494913931936,0.0017026236712922582,0.24926075339317322,7
random_b2_s29,random,2,29,tinystories,reconstruction,1024,0.00090247966699053,0.5234204743464943,0.11535813699701883,0.9408483650186099,0.0011796800827141851,8,4,1024,,,,,,,
random_b2_s29,random,2,29,tinystories,attention,128,,,,,,,,,0.8242160608602125,0.45463236288506853,0.6175254754777518,0.10034259781241417,0.0012276296870368242,0.16887536644935608,7
random_b2_s29,random,2,29,tinystories,attention,256,,,,,,,,,0.9856747133722565,0.519907198295519,0.7153712185327604,0.13192418636754155,0.0014440867655594047,0.21271145343780518,7
random_b2_s29,random,2,29,tinystories,attention,512,,,,,,,,,1.1660217095536796,0.6191801227788943,0.782637685109193,0.15387616213411093,0.0015833393847515254,0.23603394627571106,7
random_b2_s29,random,2,29,tinystories,attention,1024,,,,,,,,,1.3695191974174685,0.7230995424782357,0.8466462490852347,0.17360924207605422,0.001709186352229608,0.2564215064048767,7
learned_b2_s29,learned,2,29,wikitext,reconstruction,1024,0.0006288887303611546,0.34108142768309335,0.0805157761516955,0.960052348964382,0.0007651058549527079,13,0,1024,,,,,,,
learned_b2_s29,learned,2,29,wikitext,attention,128,,,,,,,,,0.4247873018878375,0.12232084110263707,0.4098249137197809,0.06312944658566266,0.0008650649096466623,0.12534087896347046,0
learned_b2_s29,learned,2,29,wikitext,attention,256,,,,,,,,,0.4575798743429815,0.1375317177246053,0.43866490096270094,0.07594969146884978,0.0010180010089015923,0.1270972192287445,12
learned_b2_s29,learned,2,29,wikitext,attention,512,,,,,,,,,0.5090443507040221,0.15079398344309008,0.48630552526138715,0.09128329926170409,0.0011367493759735225,0.1510223001241684,12
learned_b2_s29,learned,2,29,wikitext,attention,1024,,,,,,,,,0.5439276988331865,0.147402768280448,0.522200122736447,0.10382987046614289,0.0011868300946957788,0.16750682890415192,12
learned_b2_s29,learned,2,29,tinystories,reconstruction,1024,0.0006285534552006311,0.3645274838527257,0.08033925588020503,0.9600800054613501,0.0007737077394267544,13,0,1024,,,,,,,
learned_b2_s29,learned,2,29,tinystories,attention,128,,,,,,,,,0.4241680119388787,0.12722907290440197,0.4079807749467651,0.07042357348836958,0.0009042014521014607,0.1262669563293457,0
learned_b2_s29,learned,2,29,tinystories,attention,256,,,,,,,,,0.4936648022803815,0.13316199687900246,0.47593268486757806,0.09086533752270043,0.0010553134094664074,0.14401695132255554,12
learned_b2_s29,learned,2,29,tinystories,attention,512,,,,,,,,,0.5329343598720856,0.146426645810144,0.5114935972688762,0.10387466580141336,0.001168583372646026,0.16082841157913208,12
learned_b2_s29,learned,2,29,tinystories,attention,1024,,,,,,,,,0.5704530371689215,0.14448227818419293,0.549577908459627,0.11328640731517226,0.00121706107091768,0.1747724413871765,12
random_b2_s43,random,2,43,wikitext,reconstruction,1024,0.0009077487627564551,0.49266531998000573,0.1162987116908324,0.940488037886098,0.0011185007460881025,1,1,1024,,,,,,,
random_b2_s43,random,2,43,wikitext,attention,128,,,,,,,,,0.8513844234998836,0.4760225673978643,0.6247869388278293,0.09344977687578648,0.0013748577698606823,0.14553458988666534,1
random_b2_s43,random,2,43,wikitext,attention,256,,,,,,,,,1.008141022248027,0.5701446041522786,0.6830761526040685,0.11425411573145539,0.0015425557441517412,0.1666436493396759,12
random_b2_s43,random,2,43,wikitext,attention,512,,,,,,,,,1.190317664230079,0.6603510895667718,0.7542541027380563,0.1397521945182234,0.0017465448591451604,0.20105475187301636,12
random_b2_s43,random,2,43,wikitext,attention,1024,,,,,,,,,1.3573712679234946,0.7347315469747636,0.8175408218035654,0.16429817653261125,0.0019139158839038828,0.23257428407669067,12
random_b2_s43,random,2,43,tinystories,reconstruction,1024,0.0009088660896736656,0.5281197430740576,0.1163938222868174,0.9404173343791626,0.0010896952007897198,1,1,1024,,,,,,,
random_b2_s43,random,2,43,tinystories,attention,128,,,,,,,,,0.8623559881550397,0.4836753634519355,0.6284141309446778,0.10041563888080418,0.0014977072704027705,0.14995768666267395,12
random_b2_s43,random,2,43,tinystories,attention,256,,,,,,,,,1.0303873607620655,0.5437076509230796,0.7347693510897721,0.13193918904289603,0.001755593018970103,0.19893735647201538,12
random_b2_s43,random,2,43,tinystories,attention,512,,,,,,,,,1.2158812732956794,0.643164215264497,0.8022210654988833,0.15587227046489716,0.0019293221384941717,0.22785501182079315,12
random_b2_s43,random,2,43,tinystories,attention,1024,,,,,,,,,1.4264510931619783,0.7503659098322799,0.8634020945235531,0.17603235878050327,0.002076311762266414,0.25281381607055664,12
learned_b2_s43,learned,2,43,wikitext,reconstruction,1024,0.0006282045175112216,0.3407043946281192,0.08042677362446234,0.9600917113129981,0.000757960500777699,14,7,1024,,,,,,,
learned_b2_s43,learned,2,43,wikitext,attention,128,,,,,,,,,0.42340255060861276,0.12157663968644401,0.40862167129116533,0.06254344852641225,0.0008656109370690501,0.09382164478302002,7
learned_b2_s43,learned,2,43,wikitext,attention,256,,,,,,,,,0.4572783165868618,0.13546195939357178,0.4389283741441161,0.07507334765978158,0.0009727930694225506,0.1141810491681099,7
learned_b2_s43,learned,2,43,wikitext,attention,512,,,,,,,,,0.507810201328865,0.14970023758694906,0.485400040195276,0.09065211180131882,0.001117881618085903,0.1413290798664093,7
learned_b2_s43,learned,2,43,wikitext,attention,1024,,,,,,,,,0.5410870696277154,0.14592372516306434,0.5197933360622499,0.10293201031163335,0.0011662572688351247,0.15555529296398163,12
learned_b2_s43,learned,2,43,tinystories,reconstruction,1024,0.0006278604302991653,0.3641052317361755,0.08024619452724764,0.9601019950932823,0.0007482375804102048,14,7,1024,,,,,,,
learned_b2_s43,learned,2,43,tinystories,attention,128,,,,,,,,,0.43059758530106657,0.13727581125590227,0.41175293694510046,0.07146618596743792,0.0009686371123507342,0.1151883602142334,7
learned_b2_s43,learned,2,43,tinystories,attention,256,,,,,,,,,0.496267027428178,0.14330064311101742,0.47573195311214683,0.09149174194317311,0.0011051616498889416,0.1397637128829956,7
learned_b2_s43,learned,2,43,tinystories,attention,512,,,,,,,,,0.5342162608170835,0.15432520841064973,0.510399990866093,0.10444365628063679,0.001174639252013776,0.15889832377433777,12
learned_b2_s43,learned,2,43,tinystories,attention,1024,,,,,,,,,0.5714162817233946,0.1537944051696033,0.5477635626619225,0.11337092297617346,0.001235493653780395,0.17359034717082977,12
identity_b3_snone,identity,3,,wikitext,reconstruction,1024,0.000955846163805063,0.5343573011996341,0.12614053230828107,0.940695041033905,0.0028885205974802375,29,6,1024,,,,,,,
identity_b3_snone,identity,3,,wikitext,attention,128,,,,,,,,,4.614165565302206,1.7308304069578186,1.6183916676524377,0.9364331499673426,0.01585801297198941,1.7375736236572266,28
identity_b3_snone,identity,3,,wikitext,attention,256,,,,,,,,,5.059385955565634,1.8464331204789157,1.6500706871641282,1.0035618500551209,0.015214618689327608,1.8278453350067139,28
identity_b3_snone,identity,3,,wikitext,attention,512,,,,,,,,,5.872613562942713,2.0053713767849213,1.8510992041144627,1.082922204514034,0.014816907102940036,1.944488286972046,28
identity_b3_snone,identity,3,,wikitext,attention,1024,,,,,,,,,6.460896116117151,2.1133149749476736,1.9947959327790654,1.1343392444541678,0.014142735581046395,2.041959285736084,28
identity_b3_snone,identity,3,,tinystories,reconstruction,1024,0.0010065203151441438,0.6035542611425626,0.13301905170780132,0.9378027391503565,0.0029158583492971957,29,6,1024,,,,,,,
identity_b3_snone,identity,3,,tinystories,attention,128,,,,,,,,,4.3356369299482,1.6150180484897407,1.7273536330005896,0.8305580856977031,0.013771548822248292,1.5935457944869995,28
identity_b3_snone,identity,3,,tinystories,attention,256,,,,,,,,,5.309898423313631,1.842661412773429,1.914497341189461,0.974170803965535,0.014001142993464555,1.8707596063613892,28
identity_b3_snone,identity,3,,tinystories,attention,512,,,,,,,,,5.96933812611749,1.987112047379477,2.0207238372768335,1.0484993469435722,0.013898034206164311,2.0249810218811035,28
identity_b3_snone,identity,3,,tinystories,attention,1024,,,,,,,,,6.814864643841255,2.1578278802080852,2.1586434832379364,1.1197376153431833,0.01390515053526542,2.1513752937316895,28
random_b3_s17,random,3,17,wikitext,reconstruction,1024,0.0002647527622485768,0.14370331584723317,0.03392264448289613,0.983137558796443,0.00038655738899251446,8,5,1024,,,,,,,
random_b3_s17,random,3,17,wikitext,attention,128,,,,,,,,,0.19295336825903073,0.13640149301567742,0.17434800096212483,0.02209803374717012,0.00027432791011960944,0.03754669800400734,12
random_b3_s17,random,3,17,wikitext,attention,256,,,,,,,,,0.21965981874948345,0.16350822052139252,0.19292488057141113,0.02705358387902379,0.0003175781527318122,0.04674146696925163,12
random_b3_s17,random,3,17,wikitext,attention,512,,,,,,,,,0.25303204993755496,0.18979308107907777,0.21701063631206557,0.03339691163273528,0.00036969797689323514,0.05812983959913254,12
random_b3_s17,random,3,17,wikitext,attention,1024,,,,,,,,,0.28314518788965737,0.21080536284097812,0.23870628688714093,0.03908658161526546,0.00039817078913984005,0.06603454053401947,12
random_b3_s17,random,3,17,tinystories,reconstruction,1024,0.0002659092927359552,0.1546128611844324,0.03407557116347691,0.9830657654674724,0.00041056578629650176,8,5,1024,,,,,,,
random_b3_s17,random,3,17,tinystories,attention,128,,,,,,,,,0.1930577417676763,0.138995651126832,0.1737379507355043,0.024663231190061197,0.00031112810748368247,0.04251105338335037,12
random_b3_s17,random,3,17,tinystories,attention,256,,,,,,,,,0.2321884358439464,0.15702268721876442,0.20753231154254448,0.032853761076694354,0.0003557502233775267,0.05951574444770813,12
random_b3_s17,random,3,17,tinystories,attention,512,,,,,,,,,0.2659548769685028,0.1868774515611154,0.23103169506652577,0.038265133916866034,0.00038971453548697355,0.06828147917985916,12
random_b3_s17,random,3,17,tinystories,attention,1024,,,,,,,,,0.3010467008265053,0.21612919516679718,0.2543348718230578,0.04274204408284277,0.0004197121793652059,0.0748208612203598,12
learned_b3_s17,learned,3,17,wikitext,reconstruction,1024,0.00022726672980155627,0.12372658811909787,0.029206932610432786,0.9856115365982987,0.0002425082420813851,13,4,1024,,,,,,,
learned_b3_s17,learned,3,17,wikitext,attention,128,,,,,,,,,0.14834682285323625,0.06375072370896968,0.14428266807981885,0.01817734629730694,0.00023967450262318835,0.0328577496111393,31
learned_b3_s17,learned,3,17,wikitext,attention,256,,,,,,,,,0.1646166485571212,0.07273340059973386,0.15932650099431983,0.02242604791535996,0.00027385003332369706,0.03792759031057358,12
learned_b3_s17,learned,3,17,wikitext,attention,512,,,,,,,,,0.18552521911048517,0.08110383748427237,0.1789473866558099,0.027898985339561477,0.00031495631387912226,0.04895413666963577,7
learned_b3_s17,learned,3,17,wikitext,attention,1024,,,,,,,,,0.20360083393934297,0.08581981641490286,0.19623579304985533,0.0322755211382173,0.00032877691432986467,0.05431625247001648,12
learned_b3_s17,learned,3,17,tinystories,reconstruction,1024,0.00022845794990900004,0.1330123202988034,0.029314966111094923,0.9855398030485958,0.0002447507322358433,14,7,1024,,,,,,,
learned_b3_s17,learned,3,17,tinystories,attention,128,,,,,,,,,0.1482382539168809,0.05779649201751679,0.14489781942735,0.020825233455980197,0.0002775977601814361,0.037514276802539825,12
learned_b3_s17,learned,3,17,tinystories,attention,256,,,,,,,,,0.1777189997847442,0.06318831081404297,0.1737262371612121,0.0275947209156584,0.00030797083513789403,0.05126914381980896,12
learned_b3_s17,learned,3,17,tinystories,attention,512,,,,,,,,,0.1965527850517288,0.07370130293666735,0.1911209029971664,0.032143608143087476,0.00032483571915520315,0.058894213289022446,12
learned_b3_s17,learned,3,17,tinystories,attention,1024,,,,,,,,,0.2158405192305402,0.08397937635096107,0.20878798357824385,0.03597403154708445,0.00035271287188720635,0.06499586999416351,12
random_b3_s29,random,3,29,wikitext,reconstruction,1024,0.0002648337879946894,0.14353989419760182,0.03388406712308666,0.9831287242122926,0.0004039114646730013,0,7,1024,,,,,,,
random_b3_s29,random,3,29,wikitext,attention,128,,,,,,,,,0.18886805412381194,0.12649399342462997,0.17286732375130162,0.0221843185427133,0.0002761875773984457,0.041807349771261215,0
random_b3_s29,random,3,29,wikitext,attention,256,,,,,,,,,0.21426394152734066,0.15316462998028396,0.19080453765034336,0.027072986151324585,0.00032324231460734154,0.0454217903316021,7
random_b3_s29,random,3,29,wikitext,attention,512,,,,,,,,,0.24572228316442776,0.1786763935874545,0.2137970295390088,0.033100696047768,0.0003637129149467455,0.055415939539670944,7
random_b3_s29,random,3,29,wikitext,attention,1024,,,,,,,,,0.27461932298613756,0.19913329380314523,0.2349652542852478,0.038607854512520134,0.00038485479805672185,0.06282176077365875,12
random_b3_s29,random,3,29,tinystories,reconstruction,1024,0.00026459128632438933,0.15344677623579628,0.033818574362916375,0.9831450889469124,0.0004266364630893804,8,4,1024,,,,,,,
random_b3_s29,random,3,29,tinystories,attention,128,,,,,,,,,0.18810953996902288,0.1256044218822043,0.1723330691726601,0.02459579217247665,0.0003022376132264526,0.041863203048706055,0
random_b3_s29,random,3,29,tinystories,attention,256,,,,,,,,,0.2240408283263329,0.1429860510714787,0.20359581752531739,0.032435107277706265,0.0003487079495130274,0.054492972791194916,12
random_b3_s29,random,3,29,tinystories,attention,512,,,,,,,,,0.25511995718957853,0.1705261660598175,0.2260407838785181,0.037911344261374325,0.0003770344131908132,0.06142539530992508,12
random_b3_s29,random,3,29,tinystories,attention,1024,,,,,,,,,0.2885918091564644,0.20032184845063744,0.24846296618978422,0.04222066921647638,0.0004065742125192173,0.0689060240983963,12
learned_b3_s29,learned,3,29,wikitext,reconstruction,1024,0.00022738040649983304,0.12378577287745429,0.02922090378085912,0.9856042574974708,0.00024308857973665,13,3,1024,,,,,,,
learned_b3_s29,learned,3,29,wikitext,attention,128,,,,,,,,,0.14735765651214955,0.058371736502000525,0.14395039688989056,0.018235127645311877,0.0002289769107619577,0.032687053084373474,12
learned_b3_s29,learned,3,29,wikitext,attention,256,,,,,,,,,0.1642406003020617,0.06790174022027026,0.15962995397712063,0.022456369595602155,0.00026517504616663246,0.039379384368658066,12
learned_b3_s29,learned,3,29,wikitext,attention,512,,,,,,,,,0.18539114886092395,0.07835198392761149,0.17925211547553127,0.027953663549851626,0.00030569273858560564,0.04935102537274361,12
learned_b3_s29,learned,3,29,wikitext,attention,1024,,,,,,,,,0.2039106694663443,0.08568147388900199,0.1965693544985526,0.032619947858620435,0.00032833940954901664,0.05746489763259888,12
learned_b3_s29,learned,3,29,tinystories,reconstruction,1024,0.00022856464788389985,0.13306107797870936,0.02932571195577223,0.9855304331867956,0.00024545550695620477,13,0,1024,,,,,,,
learned_b3_s29,learned,3,29,tinystories,attention,128,,,,,,,,,0.152374138434728,0.06283719283203747,0.14842562563171732,0.02156187006039545,0.0002640706836274376,0.03868063539266586,7
learned_b3_s29,learned,3,29,tinystories,attention,256,,,,,,,,,0.18243952159287866,0.06841603843386534,0.17775876727789452,0.028486079711001366,0.00030711709050024183,0.050944529473781586,12
learned_b3_s29,learned,3,29,tinystories,attention,512,,,,,,,,,0.2002939174049779,0.07848581613620587,0.1941338940704116,0.03288757859263569,0.00033337795073862253,0.05891682952642441,12
learned_b3_s29,learned,3,29,tinystories,attention,1024,,,,,,,,,0.21831567299075244,0.08713697365144404,0.21072282081361998,0.03643697302322835,0.00035754393601905576,0.06454181671142578,12
random_b3_s43,random,3,43,wikitext,reconstruction,1024,0.00026671110978782053,0.14483399233722594,0.0341895522878348,0.9830078771337867,0.0003909396327799186,1,1,1024,,,,,,,
random_b3_s43,random,3,43,wikitext,attention,128,,,,,,,,,0.19991814397102178,0.13867568969726562,0.18068719705800948,0.02208518295083195,0.0002886887637600921,0.04050162434577942,1
random_b3_s43,random,3,43,wikitext,attention,256,,,,,,,,,0.22689631105860847,0.16534923938925628,0.1995559400920029,0.02718071622075513,0.0003333918685939352,0.045893967151641846,12
random_b3_s43,random,3,43,wikitext,attention,512,,,,,,,,,0.2597899827343679,0.1917232843751331,0.22303216496277972,0.03340758947888389,0.0003807086721394626,0.05588177591562271,12
random_b3_s43,random,3,43,wikitext,attention,1024,,,,,,,,,0.2896532575095572,0.2127891634150249,0.24437402944269104,0.03923688764916733,0.0004127494801764442,0.06428912281990051,12
random_b3_s43,random,3,43,tinystories,reconstruction,1024,0.0002659334521837309,0.15460205210547429,0.03407318891961681,0.9830568201723509,0.00041008624248206615,6,3,1024,,,,,,,
random_b3_s43,random,3,43,tinystories,attention,128,,,,,,,,,0.19696061856062838,0.13726500161858493,0.17811893789127825,0.02487791870953515,0.0003284751274890141,0.03937862813472748,12
random_b3_s43,random,3,43,tinystories,attention,256,,,,,,,,,0.23784575017045909,0.15485375586186864,0.21386606446593187,0.03307693681563251,0.0003749416715663756,0.05948701873421669,12
random_b3_s43,random,3,43,tinystories,attention,512,,,,,,,,,0.26930104872869004,0.18314073448292692,0.2357605201017441,0.038591188204009086,0.0004029357309605075,0.06869705021381378,12
random_b3_s43,random,3,43,tinystories,attention,1024,,,,,,,,,0.30420833029398103,0.21439812602066413,0.25824177385280844,0.04327195603400469,0.00043877260506519633,0.07473686337471008,12
learned_b3_s43,learned,3,43,wikitext,reconstruction,1024,0.00022758960855639998,0.12390284587490896,0.029248540065017127,0.9855898158275522,0.00024466482136631384,14,7,1024,,,,,,,
learned_b3_s43,learned,3,43,wikitext,attention,128,,,,,,,,,0.14985210373420124,0.06217823925521947,0.14598597029732194,0.018550512875663117,0.0002319495717770792,0.03181738406419754,7
learned_b3_s43,learned,3,43,wikitext,attention,256,,,,,,,,,0.16578133583996546,0.07135181881284436,0.1606902537920645,0.022930620587430894,0.00026853373394430946,0.040699779987335205,12
learned_b3_s43,learned,3,43,wikitext,attention,512,,,,,,,,,0.18715786957136604,0.08122385667952878,0.1805605546774694,0.02845317599712871,0.00030884633608962986,0.05181782320141792,12
learned_b3_s43,learned,3,43,wikitext,attention,1024,,,,,,,,,0.20493914255281773,0.08691395477550785,0.1973851070180987,0.0327937324764207,0.0003255610063348513,0.05736273154616356,12
learned_b3_s43,learned,3,43,tinystories,reconstruction,1024,0.00022883356610492456,0.1332374741032254,0.029364588402711125,0.9855131909716874,0.00024440813285764307,13,2,1024,,,,,,,
learned_b3_s43,learned,3,43,tinystories,attention,128,,,,,,,,,0.1491093866584837,0.05981348593567693,0.14553173355870627,0.02145329283666797,0.00027197644146781386,0.037055470049381256,12
learned_b3_s43,learned,3,43,tinystories,attention,256,,,,,,,,,0.1792705010347329,0.06583936970521503,0.17493567843155292,0.02840394779923372,0.0003113776895418141,0.05212966725230217,12
learned_b3_s43,learned,3,43,tinystories,attention,512,,,,,,,,,0.19809544016743263,0.07523606337069536,0.19243497493591336,0.032768981414847076,0.0003387004333035293,0.06027962267398834,12
learned_b3_s43,learned,3,43,tinystories,attention,1024,,,,,,,,,0.217509651649289,0.08510105249358386,0.2102674625137733,0.036515372747089714,0.00036448289884560836,0.06604593992233276,12
identity_b4_snone,identity,4,,wikitext,reconstruction,1024,0.0005270188313275526,0.29941113774475525,0.07067907598410737,0.9691942164790817,0.002314664248842746,29,6,1024,,,,,,,
identity_b4_snone,identity,4,,wikitext,attention,128,,,,,,,,,2.577098080700682,1.213794744291971,1.1038003994298708,0.5878502769919578,0.011623090451958973,1.30739426612854,28
identity_b4_snone,identity,4,,wikitext,attention,256,,,,,,,,,2.8009631144397455,1.2897948562403134,1.1373923432557749,0.6318986541591585,0.011346206469291076,1.3898532390594482,28
identity_b4_snone,identity,4,,wikitext,attention,512,,,,,,,,,3.222021666186595,1.393773662881312,1.279416642845006,0.6854281184787396,0.011306806800135405,1.486356258392334,28
identity_b4_snone,identity,4,,wikitext,attention,1024,,,,,,,,,3.5144012868695143,1.4600750064849854,1.382582262307384,0.7205576594860759,0.010930604409786326,1.5636861324310303,28
identity_b4_snone,identity,4,,tinystories,reconstruction,1024,0.0005625105583817458,0.3423130408737052,0.07544335118773801,0.9672851538634859,0.002335675118956715,29,6,1024,,,,,,,
identity_b4_snone,identity,4,,tinystories,attention,128,,,,,,,,,2.457739095586215,1.1246251848547957,1.1929572891765317,0.5207887138676597,0.010206902021913322,1.2027111053466797,28
identity_b4_snone,identity,4,,tinystories,attention,256,,,,,,,,,2.9971871264713745,1.2902550003871844,1.3324291604472411,0.6141152720665559,0.01060347433700315,1.4176857471466064,28
identity_b4_snone,identity,4,,tinystories,attention,512,,,,,,,,,3.3240288120728954,1.3828815856175116,1.4116673322328923,0.66578657674836,0.010655091668471783,1.5439332723617554,28
identity_b4_snone,identity,4,,tinystories,attention,1024,,,,,,,,,3.7396215401626214,1.4927248259288508,1.5113941342183033,0.7137904829287436,0.010819767149321535,1.6493916511535645,28
random_b4_s17,random,4,17,wikitext,reconstruction,1024,7.26676188733677e-05,0.03944399551710376,0.009311160490785723,0.9954212526790798,0.00013451199265546165,8,5,1024,,,,,,,
random_b4_s17,random,4,17,wikitext,attention,128,,,,,,,,,0.04887288260136464,0.03636105570855529,0.047550756229123976,0.005644161043164786,6.911118047980835e-05,0.010072020813822746,0
random_b4_s17,random,4,17,wikitext,attention,256,,,,,,,,,0.05481156057420872,0.043331375004948346,0.05293395251438925,0.006932830168807413,8.058633842011886e-05,0.012753939256072044,12
random_b4_s17,random,4,17,wikitext,attention,512,,,,,,,,,0.0623728282037999,0.05068020351216575,0.05980434517576536,0.008568304707296193,9.288023257525424e-05,0.01543590147048235,12
random_b4_s17,random,4,17,wikitext,attention,1024,,,,,,,,,0.06918556771627286,0.056428200093711293,0.06600142595045694,0.009990836901124567,0.00010095077269411945,0.0175864789634943,12
random_b4_s17,random,4,17,tinystories,reconstruction,1024,7.300913816976617e-05,0.04244620898953144,0.00935484153104997,0.9954008882050402,0.0001507362503616605,8,5,1024,,,,,,,
random_b4_s17,random,4,17,tinystories,attention,128,,,,,,,,,0.04855557894983957,0.03673582863380281,0.04720605784442744,0.006400708967703395,7.803920442484014e-05,0.012021183967590332,7
random_b4_s17,random,4,17,tinystories,attention,256,,,,,,,,,0.05843948285867268,0.042141205547848566,0.05666360165364666,0.008479386830003932,8.920240961884929e-05,0.016145912930369377,12
random_b4_s17,random,4,17,tinystories,attention,512,,,,,,,,,0.065947985207593,0.0505936923082809,0.06338826350620799,0.009925797377945855,0.0001009350498435424,0.018495220690965652,12
random_b4_s17,random,4,17,tinystories,attention,1024,,,,,,,,,0.07385373824980201,0.05886127594040661,0.07038908844446932,0.011035981340683065,0.00010798489402930045,0.020213956013321877,12
learned_b4_s17,learned,4,17,wikitext,reconstruction,1024,6.439916308309535e-05,0.035033703774388414,0.008270065802246806,0.9959285862278193,6.803650285291951e-05,13,2,1024,,,,,,,
learned_b4_s17,learned,4,17,wikitext,attention,128,,,,,,,,,0.04136860844238784,0.020717942545753577,0.040939375299058695,0.004903685286990367,6.141693355132816e-05,0.009126018732786179,31
learned_b4_s17,learned,4,17,wikitext,attention,256,,,,,,,,,0.045771535384515845,0.02322578546138125,0.04523209827421774,0.006063050146622118,7.019015693821018e-05,0.010515733622014523,12
learned_b4_s17,learned,4,17,wikitext,attention,512,,,,,,,,,0.051287725480676394,0.025566667347391214,0.05063407100142423,0.007519480823248159,7.993657592386683e-05,0.013231554068624973,12
learned_b4_s17,learned,4,17,wikitext,attention,1024,,,,,,,,,0.05632503916577595,0.0274538220065396,0.05557132682300919,0.008803272648947313,8.680957190598804e-05,0.015828218311071396,12
learned_b4_s17,learned,4,17,tinystories,reconstruction,1024,6.439041423433878e-05,0.037467197706064326,0.008257502978397785,0.9959284614305943,6.78500273352256e-05,17,6,1024,,,,,,,
learned_b4_s17,learned,4,17,tinystories,attention,128,,,,,,,,,0.04135604393343593,0.017300932444343272,0.0410567216699922,0.0057463854682282545,7.069984837926313e-05,0.010891266167163849,12
learned_b4_s17,learned,4,17,tinystories,attention,256,,,,,,,,,0.049423906125911014,0.019172609722104054,0.049056317162354895,0.007625491940416396,8.056402186795708e-05,0.014471948146820068,12
learned_b4_s17,learned,4,17,tinystories,attention,512,,,,,,,,,0.05449075587311683,0.022638704112166317,0.05397824494923861,0.008823804557323456,8.54447809288672e-05,0.016874141991138458,12
learned_b4_s17,learned,4,17,tinystories,attention,1024,,,,,,,,,0.05957406776707347,0.026363438527758527,0.05887903687606657,0.009822907042689621,9.113377180369753e-05,0.01845071092247963,12
random_b4_s29,random,4,29,wikitext,reconstruction,1024,7.304704116961602e-05,0.03957260990864597,0.009341521239624036,0.995398812694475,0.00013758693967247382,12,7,1024,,,,,,,
random_b4_s29,random,4,29,wikitext,attention,128,,,,,,,,,0.0484020364030387,0.03413850961382999,0.04723659856438514,0.005646179735776968,6.748310038062755e-05,0.01011069118976593,0
random_b4_s29,random,4,29,wikitext,attention,256,,,,,,,,,0.05449523640513884,0.04188411537891232,0.052740957284064804,0.006944284374185372,7.785707636642769e-05,0.011769105680286884,12
random_b4_s29,random,4,29,wikitext,attention,512,,,,,,,,,0.06211308405878019,0.049063321733102926,0.05970587451929422,0.008588670163589995,8.87969270095823e-05,0.015149038285017014,12
random_b4_s29,random,4,29,wikitext,attention,1024,,,,,,,,,0.06907174540729058,0.05505799427265074,0.06604036267396333,0.010015444655437022,9.461922272180345e-05,0.01740230619907379,12
random_b4_s29,random,4,29,tinystories,reconstruction,1024,7.286431830522133e-05,0.04220721772435354,0.009302169561838401,0.9954101346083917,0.00014309865946415812,8,4,1024,,,,,,,
random_b4_s29,random,4,29,tinystories,attention,128,,,,,,,,,0.0483293119789094,0.03482064365069996,0.047116834754660365,0.006428877844882663,7.650471026465766e-05,0.010604193434119225,12
random_b4_s29,random,4,29,tinystories,attention,256,,,,,,,,,0.058008955494439095,0.03894345505808114,0.05649236280257831,0.00851301995862741,8.856224583908556e-05,0.015164081007242203,12
random_b4_s29,random,4,29,tinystories,attention,512,,,,,,,,,0.06509641713333873,0.0461834038791136,0.0629635103394774,0.009942643577232957,9.539627615140489e-05,0.017394572496414185,12
random_b4_s29,random,4,29,tinystories,attention,1024,,,,,,,,,0.07264615756709401,0.05459729665663184,0.06966529276488174,0.01105273600842338,0.00010236103777216954,0.01963658258318901,12
learned_b4_s29,learned,4,29,wikitext,reconstruction,1024,6.442679912765925e-05,0.03505224368382187,0.008274442338395246,0.9959269348764792,6.884458525746595e-05,14,7,1024,,,,,,,
learned_b4_s29,learned,4,29,wikitext,attention,128,,,,,,,,,0.04095198941785236,0.018736079003113186,0.040600948761441456,0.004892155178822577,6.17780018821179e-05,0.008880913257598877,12
learned_b4_s29,learned,4,29,wikitext,attention,256,,,,,,,,,0.04523488450143124,0.022168828841255334,0.044743427529238364,0.006026031558576506,7.160750762835733e-05,0.010868187993764877,12
learned_b4_s29,learned,4,29,wikitext,attention,512,,,,,,,,,0.051032047290318655,0.025554397286843604,0.050379020069624816,0.007539882979472168,8.30977991626014e-05,0.0137173468247056,12
learned_b4_s29,learned,4,29,wikitext,attention,1024,,,,,,,,,0.05596614017719176,0.027589817701316462,0.055204942136399884,0.008799038478173316,8.90932762693808e-05,0.015647882595658302,12
learned_b4_s29,learned,4,29,tinystories,reconstruction,1024,6.449086114912461e-05,0.03750726875932742,0.008266334352557747,0.995922414585948,6.814675361965783e-05,13,2,1024,,,,,,,
learned_b4_s29,learned,4,29,tinystories,attention,128,,,,,,,,,0.04183210311240928,0.018135425266484883,0.04150320946281302,0.0057982850121334195,7.496580297328137e-05,0.01057235337793827,12
learned_b4_s29,learned,4,29,tinystories,attention,256,,,,,,,,,0.04967236808765723,0.020408374529172473,0.049255866336734254,0.007577721022244077,8.319361846531592e-05,0.014004727825522423,12
learned_b4_s29,learned,4,29,tinystories,attention,512,,,,,,,,,0.05458961650874415,0.02419050270237653,0.05400443608775046,0.00883474810689222,9.131339727019849e-05,0.01607329212129116,12
learned_b4_s29,learned,4,29,tinystories,attention,1024,,,,,,,,,0.059616810286917336,0.02726224868762784,0.05887358008341127,0.009816053265240043,9.834647662287921e-05,0.01787298545241356,12
random_b4_s43,random,4,43,wikitext,reconstruction,1024,7.349095303510467e-05,0.03989972030376521,0.009418739009964741,0.9953697200980969,0.00013130656225257553,6,3,1024,,,,,,,
random_b4_s43,random,4,43,wikitext,attention,128,,,,,,,,,0.051529275007950244,0.039903415099883724,0.04993699247131662,0.0057819102657958865,6.910629826606396e-05,0.010682166554033756,12
random_b4_s43,random,4,43,wikitext,attention,256,,,,,,,,,0.057739119353461356,0.047810728476901,0.05545325359596941,0.0070594643912045285,7.965506954477064e-05,0.012533786706626415,12
random_b4_s43,random,4,43,wikitext,attention,512,,,,,,,,,0.06515045403039943,0.05519542131449512,0.06210391949631481,0.008707852102816105,9.351434327697916e-05,0.015105205588042736,12
random_b4_s43,random,4,43,wikitext,attention,1024,,,,,,,,,0.0719153822922125,0.06073326843540843,0.06822685239736513,0.01017663576931227,0.0001014492372881648,0.017717944458127022,12
random_b4_s43,random,4,43,tinystories,reconstruction,1024,7.302251621865707e-05,0.04246314964166231,0.009358575129877512,0.9953991665388457,0.0001500549515185412,6,3,1024,,,,,,,
random_b4_s43,random,4,43,tinystories,attention,128,,,,,,,,,0.050543588723323145,0.03751295874285143,0.04913636664968027,0.006571863217686769,8.065565562276333e-05,0.011433875188231468,12
random_b4_s43,random,4,43,tinystories,attention,256,,,,,,,,,0.060766363074343493,0.04232794866835561,0.058974707835872546,0.008676692639710382,9.1824316868383e-05,0.01587216556072235,12
random_b4_s43,random,4,43,tinystories,attention,512,,,,,,,,,0.06774078196252299,0.050582053600928475,0.06518223781603578,0.010063179754070006,9.799729333082041e-05,0.018363503739237785,12
random_b4_s43,random,4,43,tinystories,attention,1024,,,,,,,,,0.07532306403648563,0.05927310619412399,0.07180976291858573,0.011278166333795525,0.00010663290187906682,0.020591964945197105,12
learned_b4_s43,learned,4,43,wikitext,reconstruction,1024,6.444194379184864e-05,0.03506575531901035,0.008277631898734749,0.9959260151372291,6.920370833540801e-05,14,7,1024,,,,,,,
learned_b4_s43,learned,4,43,wikitext,attention,128,,,,,,,,,0.04074706812930662,0.017628929902647816,0.04043628895979415,0.00481845951435389,5.97282197389859e-05,0.00882534496486187,12
learned_b4_s43,learned,4,43,wikitext,attention,256,,,,,,,,,0.0452104232886422,0.02152747915992477,0.0447469909296612,0.005954546046268661,6.904571846177987e-05,0.011078795418143272,12
learned_b4_s43,learned,4,43,wikitext,attention,512,,,,,,,,,0.050969731389430534,0.025100531720975688,0.050339694696754825,0.007478770326997619,8.01542124122534e-05,0.013604281470179558,12
learned_b4_s43,learned,4,43,wikitext,attention,1024,,,,,,,,,0.05620926566240264,0.027470496674863305,0.05545463747483897,0.008779600888374262,8.669348551393341e-05,0.01567075215280056,12
learned_b4_s43,learned,4,43,tinystories,reconstruction,1024,6.444738994559884e-05,0.03749686690480303,0.008264041858056561,0.9959247947554104,6.825411765021272e-05,9,7,1024,,,,,,,
learned_b4_s43,learned,4,43,tinystories,attention,128,,,,,,,,,0.04136794892161391,0.019610585890306058,0.04098337384265284,0.0056911439532996155,6.998626201593083e-05,0.010203756392002106,12
learned_b4_s43,learned,4,43,tinystories,attention,256,,,,,,,,,0.049657234479944995,0.021820018894187672,0.04918112125540229,0.0075710258388426155,7.784741936944783e-05,0.014151586219668388,12
learned_b4_s43,learned,4,43,tinystories,attention,512,,,,,,,,,0.0545447729600568,0.024548060843470502,0.053942165668882075,0.008781234966591,8.340984480526004e-05,0.016133509576320648,12
learned_b4_s43,learned,4,43,tinystories,attention,1024,,,,,,,,,0.05947363388247606,0.02744554662122959,0.058720375853137975,0.009760752931470051,9.068251846500175e-05,0.017483780160546303,12
