bit_width,seed,random_macro_average,learned_macro_average,difference
2,17,41.49773644687265,49.66737196606103,8.169635519188382
2,29,41.498758922531024,46.97242527102101,5.473666348489985
2,43,43.13693185698729,47.400617462192045,4.263685605204756
3,17,52.17178032994245,53.23802015214643,1.0662398222039826
3,29,55.10281399173222,54.87040694458445,-0.23240704714776683
3,43,53.3852218128993,53.1203802020308,-0.2648416108685012
4,17,54.17709202318929,53.624232193969064,-0.5528598292202247
4,29,55.2058026320001,54.73053667980584,-0.47526595219426326
4,43,54.586311551678335,54.98615591877872,0.3998443671003855
